donor_id,locus,allele1,allele2
1,AMEL,X,X
1,CSF1PO,11.0,12.0
1,D10S1248,13.0,14.0
1,D12S391,21.0,23.0
1,D13S317,8.0,12.0
1,D16S539,12.0,13.0
1,D18S51,13.0,15.0
1,D19S433,14.0,15.0
1,D1S1656,14.0,15.0
1,D21S11,29.0,31.0
1,D22S1045,11.0,19.0
1,D2S1338,20.0,22.0
1,D2S441,10.0,11.0
1,D3S1358,14.0,18.0
1,D5S818,11.0,12.0
1,D7S820,9.0,9.0
1,D8S1179,12.0,15.0
1,DYS391,,
1,FGA,20.0,25.0
1,SE33,21.0,31.2
1,TH01,6.0,9.3
1,TPOX,8.0,11.0
1,Yindel,,
1,vWA,17.0,19.0
2,AMEL,X,X
2,CSF1PO,7.0,8.0
2,D10S1248,13.0,14.0
2,D12S391,15.0,18.0
2,D13S317,10.0,11.0
2,D16S539,11.0,13.0
2,D18S51,16.0,17.0
2,D19S433,13.0,14.0
2,D1S1656,12.0,13.0
2,D21S11,29.0,31.0
2,D22S1045,11.0,15.0
2,D2S1338,20.0,21.0
2,D2S441,12.0,14.0
2,D3S1358,15.0,16.0
2,D5S818,11.0,12.0
2,D7S820,8.0,10.0
2,D8S1179,12.0,13.0
2,DYS391,10.0,10.0
2,FGA,24.0,28.0
2,SE33,17.0,18.0
2,TH01,6.0,9.0
2,TPOX,9.0,9.0
2,Yindel,2.0,2.0
2,vWA,15.0,17.0
3,AMEL,X,X
3,CSF1PO,8.0,12.0
3,D10S1248,13.0,15.0
3,D12S391,17.0,17.0
3,D13S317,11.0,12.0
3,D16S539,11.0,14.0
3,D18S51,17.0,18.0
3,D19S433,12.0,14.0
3,D1S1656,16.0,17.3
3,D21S11,31.2,32.2
3,D22S1045,12.0,14.0
3,D2S1338,22.0,25.0
3,D2S441,12.0,15.0
3,D3S1358,16.0,17.0
3,D5S818,12.0,13.0
3,D7S820,8.0,11.0
3,D8S1179,14.0,15.0
3,DYS391,10.0,10.0
3,FGA,19.0,24.0
3,SE33,18.0,26.2
3,TH01,8.0,9.0
3,TPOX,11.0,11.0
3,Yindel,2.0,2.0
3,vWA,15.0,16.0
4,AMEL,X,X
4,CSF1PO,12.0,12.0
4,D10S1248,12.0,13.0
4,D12S391,20.0,24.0
4,D13S317,11.0,12.0
4,D16S539,11.0,11.0
4,D18S51,15.0,17.0
4,D19S433,12.2,15.0
4,D1S1656,12.0,15.0
4,D21S11,28.0,30.0
4,D22S1045,15.0,17.0
4,D2S1338,21.0,25.0
4,D2S441,12.0,14.0
4,D3S1358,15.0,16.0
4,D5S818,11.0,12.0
4,D7S820,9.0,9.0
4,D8S1179,13.0,14.0
4,DYS391,10.0,10.0
4,FGA,20.0,21.0
4,SE33,18.0,26.2
4,TH01,8.0,8.0
4,TPOX,10.0,11.0
4,Yindel,2.0,2.0
4,vWA,16.0,19.0
5,AMEL,X,X
5,CSF1PO,9.0,10.0
5,D10S1248,13.0,15.0
5,D12S391,15.0,21.0
5,D13S317,11.0,12.0
5,D16S539,11.0,11.0
5,D18S51,14.0,16.0
5,D19S433,14.0,15.0
5,D1S1656,14.0,16.3
5,D21S11,31.2,32.2
5,D22S1045,11.0,15.0
5,D2S1338,19.0,20.0
5,D2S441,10.0,12.0
5,D3S1358,15.0,16.0
5,D5S818,11.0,12.0
5,D7S820,9.0,9.0
5,D8S1179,13.0,14.0
5,DYS391,11.0,11.0
5,FGA,22.0,23.0
5,SE33,21.0,22.2
5,TH01,9.3,9.3
5,TPOX,8.0,10.0
5,Yindel,2.0,2.0
5,vWA,14.0,17.0
7,AMEL,X,X
7,CSF1PO,10.0,11.0
7,D10S1248,13.0,14.0
7,D12S391,17.0,18.0
7,D13S317,10.0,11.0
7,D16S539,10.0,13.0
7,D18S51,17.0,19.0
7,D19S433,13.0,16.2
7,D1S1656,10.0,16.0
7,D21S11,27.0,28.0
7,D22S1045,11.0,17.0
7,D2S1338,22.0,23.0
7,D2S441,10.0,12.0
7,D3S1358,16.0,17.0
7,D5S818,11.0,13.0
7,D7S820,8.0,9.0
7,D8S1179,13.0,14.0
7,DYS391,,
7,FGA,24.0,27.0
7,SE33,15.0,22.0
7,TH01,6.0,8.0
7,TPOX,8.0,9.0
7,Yindel,1.0,1.0
7,vWA,16.0,18.0
8,AMEL,X,X
8,CSF1PO,11.0,12.0
8,D10S1248,14.0,16.0
8,D12S391,20.0,21.0
8,D13S317,8.0,12.0
8,D16S539,12.0,13.0
8,D18S51,12.0,14.0
8,D19S433,14.0,15.0
8,D1S1656,15.3,16.0
8,D21S11,29.0,31.0
8,D22S1045,16.0,17.0
8,D2S1338,17.0,20.0
8,D2S441,10.0,11.0
8,D3S1358,14.0,15.0
8,D5S818,11.0,13.0
8,D7S820,8.0,9.0
8,D8S1179,13.0,14.0
8,DYS391,9.0,9.0
8,FGA,23.0,24.0
8,SE33,27.2,28.2
8,TH01,9.0,9.3
8,TPOX,8.0,8.0
8,Yindel,2.0,2.0
8,vWA,14.0,19.0
9,AMEL,X,X
9,CSF1PO,11.0,12.0
9,D10S1248,13.0,14.0
9,D12S391,18.1,20.0
9,D13S317,11.0,12.0
9,D16S539,11.0,12.0
9,D18S51,20.0,22.0
9,D19S433,12.0,13.0
9,D1S1656,13.0,15.0
9,D21S11,27.0,28.0
9,D22S1045,16.0,17.0
9,D2S1338,16.0,19.0
9,D2S441,12.0,14.0
9,D3S1358,14.0,15.0
9,D5S818,10.0,11.0
9,D7S820,11.0,12.0
9,D8S1179,12.0,13.0
9,DYS391,10.0,10.0
9,FGA,22.0,23.0
9,SE33,15.0,27.2
9,TH01,6.0,7.0
9,TPOX,6.0,9.0
9,Yindel,2.0,2.0
9,vWA,15.0,16.0
10,AMEL,X,X
10,CSF1PO,11.0,12.0
10,D10S1248,14.0,16.0
10,D12S391,16.0,20.0
10,D13S317,12.0,13.0
10,D16S539,9.0,10.0
10,D18S51,13.0,16.0
10,D19S433,13.0,15.2
10,D1S1656,12.0,15.0
10,D21S11,27.0,29.0
10,D22S1045,16.0,17.0
10,D2S1338,20.0,24.0
10,D2S441,13.0,14.0
10,D3S1358,15.0,16.0
10,D5S818,12.0,13.0
10,D7S820,8.0,11.0
10,D8S1179,15.0,16.0
10,DYS391,10.0,10.0
10,FGA,23.0,24.0
10,SE33,16.0,29.2
10,TH01,7.0,7.0
10,TPOX,8.0,11.0
10,Yindel,2.0,2.0
10,vWA,14.0,15.0
11,AMEL,X,X
11,CSF1PO,10.0,13.0
11,D10S1248,12.0,13.0
11,D12S391,17.0,19.0
11,D13S317,12.0,13.0
11,D16S539,10.0,11.0
11,D18S51,16.0,17.0
11,D19S433,12.0,14.0
11,D1S1656,11.0,17.3
11,D21S11,30.0,33.2
11,D22S1045,14.0,18.0
11,D2S1338,23.0,26.0
11,D2S441,10.0,12.0
11,D3S1358,14.0,17.0
11,D5S818,10.0,11.0
11,D7S820,8.0,12.0
11,D8S1179,13.0,14.0
11,DYS391,10.0,10.0
11,FGA,21.0,22.0
11,SE33,11.0,17.0
11,TH01,7.0,9.3
11,TPOX,8.0,10.0
11,Yindel,2.0,2.0
11,vWA,14.0,15.0
12,AMEL,X,X
12,CSF1PO,10.0,10.0
12,D10S1248,13.0,14.0
12,D12S391,20.0,21.0
12,D13S317,8.0,13.0
12,D16S539,11.0,13.0
12,D18S51,13.0,14.0
12,D19S433,12.0,14.0
12,D1S1656,14.0,19.3
12,D21S11,29.0,31.2
12,D22S1045,15.0,16.0
12,D2S1338,22.0,23.0
12,D2S441,9.0,10.0
12,D3S1358,15.0,18.0
12,D5S818,10.0,12.0
12,D7S820,7.0,12.0
12,D8S1179,11.0,15.0
12,DYS391,10.0,10.0
12,FGA,19.0,25.0
12,SE33,28.2,29.2
12,TH01,6.0,9.3
12,TPOX,8.0,11.0
12,Yindel,2.0,2.0
12,vWA,17.0,19.0
13,AMEL,X,X
13,CSF1PO,11.0,12.0
13,D10S1248,12.0,15.0
13,D12S391,20.0,22.0
13,D13S317,12.0,14.0
13,D16S539,8.0,9.0
13,D18S51,12.0,15.0
13,D19S433,11.0,14.0
13,D1S1656,15.0,17.0
13,D21S11,31.2,32.2
13,D22S1045,10.0,14.0
13,D2S1338,17.0,25.0
13,D2S441,11.3,14.0
13,D3S1358,14.0,15.0
13,D5S818,12.0,13.0
13,D7S820,8.0,9.0
13,D8S1179,13.0,14.0
13,DYS391,10.0,10.0
13,FGA,19.0,27.0
13,SE33,16.0,26.2
13,TH01,7.0,7.0
13,TPOX,8.0,11.0
13,Yindel,2.0,2.0
13,vWA,15.0,16.0
14,AMEL,X,X
14,CSF1PO,12.0,12.0
14,D10S1248,14.0,15.0
14,D12S391,20.0,23.0
14,D13S317,11.0,13.0
14,D16S539,9.0,11.0
14,D18S51,16.0,20.0
14,D19S433,13.0,14.0
14,D1S1656,12.0,16.3
14,D21S11,24.3,30.0
14,D22S1045,11.0,11.0
14,D2S1338,17.0,25.0
14,D2S441,14.0,15.0
14,D3S1358,15.0,16.0
14,D5S818,10.0,11.0
14,D7S820,10.0,10.0
14,D8S1179,11.0,13.0
14,DYS391,10.0,10.0
14,FGA,21.0,25.0
14,SE33,15.0,27.2
14,TH01,6.0,8.0
14,TPOX,8.0,11.0
14,Yindel,2.0,2.0
14,vWA,15.0,16.0
15,AMEL,X,X
15,CSF1PO,8.0,12.0
15,D10S1248,14.0,15.0
15,D12S391,15.0,17.0
15,D13S317,11.0,13.0
15,D16S539,10.0,11.0
15,D18S51,17.0,18.0
15,D19S433,14.0,14.2
15,D1S1656,16.3,17.3
15,D21S11,32.2,33.0
15,D22S1045,14.0,17.0
15,D2S1338,20.0,22.0
15,D2S441,11.0,14.0
15,D3S1358,15.0,16.0
15,D5S818,11.0,12.0
15,D7S820,10.0,11.0
15,D8S1179,13.0,15.0
15,DYS391,,
15,FGA,23.0,24.0
15,SE33,20.0,24.2
15,TH01,7.0,8.0
15,TPOX,8.0,9.0
15,Yindel,2.0,2.0
15,vWA,15.0,17.0
16,AMEL,X,X
16,CSF1PO,9.0,12.0
16,D10S1248,11.0,13.0
16,D12S391,17.0,18.0
16,D13S317,10.0,12.0
16,D16S539,12.0,12.0
16,D18S51,16.0,18.0
16,D19S433,12.2,15.2
16,D1S1656,14.0,15.0
16,D21S11,28.0,29.0
16,D22S1045,11.0,15.0
16,D2S1338,19.0,22.0
16,D2S441,11.0,14.0
16,D3S1358,16.0,17.0
16,D5S818,11.0,12.0
16,D7S820,8.0,11.0
16,D8S1179,13.0,14.0
16,DYS391,9.0,9.0
16,FGA,21.0,22.0
16,SE33,15.0,21.0
16,TH01,7.0,7.0
16,TPOX,9.0,9.0
16,Yindel,2.0,2.0
16,vWA,15.0,18.0
17,AMEL,X,X
17,CSF1PO,7.0,10.0
17,D10S1248,13.0,16.0
17,D12S391,18.0,19.0
17,D13S317,12.0,13.0
17,D16S539,11.0,12.0
17,D18S51,16.0,18.0
17,D19S433,11.0,13.0
17,D1S1656,15.0,16.0
17,D21S11,28.0,30.0
17,D22S1045,11.0,15.0
17,D2S1338,18.0,19.0
17,D2S441,12.0,14.0
17,D3S1358,15.0,16.0
17,D5S818,10.0,11.0
17,D7S820,10.0,10.0
17,D8S1179,13.0,15.0
17,DYS391,,
17,FGA,20.0,23.0
17,SE33,24.2,26.2
17,TH01,6.0,8.0
17,TPOX,8.0,10.0
17,Yindel,2.0,2.0
17,vWA,16.0,17.0
18,AMEL,X,X
18,CSF1PO,11.0,12.0
18,D10S1248,13.0,14.0
18,D12S391,17.0,18.3
18,D13S317,8.0,12.0
18,D16S539,9.0,9.0
18,D18S51,19.0,23.0
18,D19S433,14.0,15.0
18,D1S1656,16.0,17.3
18,D21S11,29.0,30.0
18,D22S1045,11.0,11.0
18,D2S1338,17.0,24.0
18,D2S441,12.0,14.0
18,D3S1358,16.0,18.0
18,D5S818,11.0,12.0
18,D7S820,8.0,11.0
18,D8S1179,13.0,15.0
18,DYS391,11.0,11.0
18,FGA,20.0,22.0
18,SE33,21.0,25.2
18,TH01,7.0,9.0
18,TPOX,8.0,11.0
18,Yindel,2.0,2.0
18,vWA,11.0,16.0
19,AMEL,X,X
19,CSF1PO,8.0,12.0
19,D10S1248,12.0,13.0
19,D12S391,20.0,21.0
19,D13S317,11.0,13.0
19,D16S539,10.0,11.0
19,D18S51,12.0,18.0
19,D19S433,14.0,15.0
19,D1S1656,12.0,15.0
19,D21S11,27.0,31.2
19,D22S1045,11.0,11.0
19,D2S1338,21.0,23.0
19,D2S441,10.0,10.0
19,D3S1358,15.0,18.0
19,D5S818,11.0,11.0
19,D7S820,9.0,12.0
19,D8S1179,13.0,16.0
19,DYS391,10.0,10.0
19,FGA,22.0,24.0
19,SE33,23.0,26.2
19,TH01,8.0,8.0
19,TPOX,8.0,8.0
19,Yindel,2.0,2.0
19,vWA,14.0,17.0
20,AMEL,X,X
20,CSF1PO,7.0,12.0
20,D10S1248,13.0,17.0
20,D12S391,19.0,20.0
20,D13S317,12.0,13.0
20,D16S539,9.0,9.0
20,D18S51,16.0,17.0
20,D19S433,13.0,13.2
20,D1S1656,16.0,16.3
20,D21S11,27.0,32.2
20,D22S1045,16.0,17.0
20,D2S1338,19.0,20.0
20,D2S441,11.3,14.0
20,D3S1358,14.0,16.0
20,D5S818,12.0,14.0
20,D7S820,9.0,11.0
20,D8S1179,15.0,16.0
20,DYS391,10.0,10.0
20,FGA,24.0,25.0
20,SE33,18.0,25.2
20,TH01,8.0,9.0
20,TPOX,6.0,8.0
20,Yindel,2.0,2.0
20,vWA,16.0,18.0
22,AMEL,X,X
22,CSF1PO,11.0,13.0
22,D10S1248,13.0,15.0
22,D12S391,16.0,17.0
22,D13S317,12.0,12.0
22,D16S539,9.0,9.0
22,D18S51,17.0,17.0
22,D19S433,14.2,15.0
22,D1S1656,14.0,16.0
22,D21S11,28.0,32.2
22,D22S1045,16.0,17.0
22,D2S1338,18.0,19.0
22,D2S441,13.0,14.0
22,D3S1358,15.0,17.0
22,D5S818,10.0,13.0
22,D7S820,8.0,12.0
22,D8S1179,14.0,16.0
22,DYS391,11.0,11.0
22,FGA,19.0,23.0
22,SE33,19.0,23.2
22,TH01,7.0,8.0
22,TPOX,10.0,11.0
22,Yindel,2.0,2.0
22,vWA,15.0,15.0
23,AMEL,X,X
23,CSF1PO,7.0,10.0
23,D10S1248,13.0,15.0
23,D12S391,17.0,17.3
23,D13S317,8.0,11.0
23,D16S539,8.0,11.0
23,D18S51,10.0,13.0
23,D19S433,13.0,15.0
23,D1S1656,13.0,14.0
23,D21S11,29.0,30.0
23,D22S1045,15.0,16.0
23,D2S1338,18.0,21.0
23,D2S441,15.0,16.0
23,D3S1358,15.0,17.0
23,D5S818,9.0,12.0
23,D7S820,11.0,11.0
23,D8S1179,12.0,13.0
23,DYS391,11.0,11.0
23,FGA,23.0,26.0
23,SE33,21.0,27.2
23,TH01,7.0,9.3
23,TPOX,9.0,9.0
23,Yindel,2.0,2.0
23,vWA,16.0,17.0
24,AMEL,X,X
24,CSF1PO,10.0,10.0
24,D10S1248,12.0,13.0
24,D12S391,18.0,19.0
24,D13S317,8.0,12.0
24,D16S539,9.0,12.0
24,D18S51,14.0,18.0
24,D19S433,13.0,16.2
24,D1S1656,16.0,16.3
24,D21S11,31.2,32.2
24,D22S1045,16.0,17.0
24,D2S1338,16.0,23.0
24,D2S441,10.0,14.0
24,D3S1358,15.0,17.0
24,D5S818,12.0,13.0
24,D7S820,8.0,11.0
24,D8S1179,11.0,13.0
24,DYS391,11.0,11.0
24,FGA,19.0,24.0
24,SE33,20.0,31.2
24,TH01,6.0,7.0
24,TPOX,8.0,12.0
24,Yindel,2.0,2.0
24,vWA,14.0,17.0
25,AMEL,X,X
25,CSF1PO,10.0,12.0
25,D10S1248,12.0,13.0
25,D12S391,16.0,17.3
25,D13S317,8.0,12.0
25,D16S539,9.0,12.0
25,D18S51,14.0,20.0
25,D19S433,13.0,13.2
25,D1S1656,15.0,16.3
25,D21S11,29.0,30.0
25,D22S1045,16.0,17.0
25,D2S1338,19.0,20.0
25,D2S441,11.0,14.0
25,D3S1358,15.0,16.0
25,D5S818,8.0,10.0
25,D7S820,10.0,12.0
25,D8S1179,12.0,13.0
25,DYS391,10.0,10.0
25,FGA,21.2,25.0
25,SE33,14.2,26.2
25,TH01,8.0,9.0
25,TPOX,9.0,11.0
25,Yindel,2.0,2.0
25,vWA,16.0,20.0
27,AMEL,X,X
27,CSF1PO,11.0,12.0
27,D10S1248,14.0,15.0
27,D12S391,19.0,25.0
27,D13S317,11.0,13.0
27,D16S539,11.0,13.0
27,D18S51,12.0,13.0
27,D19S433,13.0,15.0
27,D1S1656,14.0,15.0
27,D21S11,30.0,31.0
27,D22S1045,15.0,16.0
27,D2S1338,19.0,22.0
27,D2S441,11.0,12.0
27,D3S1358,14.0,16.0
27,D5S818,11.0,12.0
27,D7S820,11.0,13.0
27,D8S1179,13.0,14.0
27,DYS391,10.0,10.0
27,FGA,25.0,26.0
27,SE33,15.0,26.2
27,TH01,7.0,9.3
27,TPOX,8.0,8.0
27,Yindel,2.0,2.0
27,vWA,16.0,18.0
28,AMEL,X,X
28,CSF1PO,11.0,11.0
28,D10S1248,12.0,13.0
28,D12S391,18.3,20.0
28,D13S317,8.0,8.0
28,D16S539,12.0,12.0
28,D18S51,12.0,17.0
28,D19S433,14.0,16.0
28,D1S1656,16.3,17.3
28,D21S11,31.2,31.2
28,D22S1045,15.0,16.0
28,D2S1338,19.0,25.0
28,D2S441,14.0,15.0
28,D3S1358,14.0,15.0
28,D5S818,11.0,12.0
28,D7S820,10.0,10.0
28,D8S1179,10.0,13.0
28,DYS391,11.0,11.0
28,FGA,20.0,21.0
28,SE33,15.0,19.0
28,TH01,6.0,9.3
28,TPOX,8.0,8.0
28,Yindel,2.0,2.0
28,vWA,17.0,17.0
29,AMEL,X,X
29,CSF1PO,9.0,10.0
29,D10S1248,12.0,13.0
29,D12S391,17.0,23.0
29,D13S317,11.0,12.0
29,D16S539,11.0,11.0
29,D18S51,13.0,14.0
29,D19S433,14.0,15.0
29,D1S1656,14.0,15.0
29,D21S11,28.0,31.2
29,D22S1045,16.0,17.0
29,D2S1338,23.0,24.0
29,D2S441,9.0,10.0
29,D3S1358,17.0,18.0
29,D5S818,12.0,13.0
29,D7S820,11.0,12.0
29,D8S1179,12.0,15.0
29,DYS391,10.0,10.0
29,FGA,23.0,24.0
29,SE33,18.0,25.2
29,TH01,8.0,9.0
29,TPOX,10.0,11.0
29,Yindel,2.0,2.0
29,vWA,17.0,19.0
30,AMEL,X,X
30,CSF1PO,12.0,13.0
30,D10S1248,15.0,16.0
30,D12S391,15.0,21.0
30,D13S317,11.0,12.0
30,D16S539,11.0,13.0
30,D18S51,14.0,16.0
30,D19S433,12.0,12.2
30,D1S1656,13.0,15.0
30,D21S11,28.0,29.0
30,D22S1045,12.0,15.0
30,D2S1338,17.0,22.0
30,D2S441,11.0,13.0
30,D3S1358,15.0,17.0
30,D5S818,11.0,12.0
30,D7S820,8.0,11.0
30,D8S1179,13.0,16.0
30,DYS391,10.0,10.0
30,FGA,19.0,22.0
30,SE33,18.0,19.0
30,TH01,6.0,7.0
30,TPOX,11.0,11.0
30,Yindel,2.0,2.0
30,vWA,15.0,18.0
31,AMEL,X,X
31,CSF1PO,11.0,12.0
31,D10S1248,14.0,15.0
31,D12S391,18.0,19.0
31,D13S317,11.0,12.0
31,D16S539,10.0,12.0
31,D18S51,14.0,15.0
31,D19S433,14.0,16.0
31,D1S1656,15.0,16.0
31,D21S11,29.0,31.2
31,D22S1045,15.0,17.0
31,D2S1338,18.0,19.0
31,D2S441,10.0,11.0
31,D3S1358,15.0,16.0
31,D5S818,9.0,10.0
31,D7S820,12.0,13.0
31,D8S1179,11.0,13.0
31,DYS391,11.0,11.0
31,FGA,21.0,27.0
31,SE33,14.0,26.2
31,TH01,7.0,9.3
31,TPOX,8.0,8.0
31,Yindel,2.0,2.0
31,vWA,15.0,18.0
32,AMEL,X,X
32,CSF1PO,10.0,12.0
32,D10S1248,12.0,14.0
32,D12S391,17.0,24.0
32,D13S317,11.0,12.0
32,D16S539,11.0,13.0
32,D18S51,12.0,17.0
32,D19S433,11.0,13.0
32,D1S1656,11.0,12.0
32,D21S11,29.0,31.0
32,D22S1045,11.0,15.0
32,D2S1338,19.0,22.0
32,D2S441,10.0,11.0
32,D3S1358,15.0,16.0
32,D5S818,11.0,13.0
32,D7S820,10.0,11.0
32,D8S1179,12.0,14.0
32,DYS391,10.0,10.0
32,FGA,21.0,23.0
32,SE33,18.0,26.2
32,TH01,9.0,9.3
32,TPOX,6.0,8.0
32,Yindel,2.0,2.0
32,vWA,16.0,18.0
33,AMEL,X,X
33,CSF1PO,11.0,12.0
33,D10S1248,13.0,14.0
33,D12S391,18.0,18.3
33,D13S317,12.0,13.0
33,D16S539,11.0,12.0
33,D18S51,15.0,16.0
33,D19S433,13.0,15.0
33,D1S1656,13.0,18.3
33,D21S11,31.2,35.0
33,D22S1045,16.0,17.0
33,D2S1338,20.0,23.0
33,D2S441,9.0,10.0
33,D3S1358,15.0,18.0
33,D5S818,11.0,13.0
33,D7S820,10.0,11.0
33,D8S1179,12.0,13.0
33,DYS391,10.0,11.0
33,FGA,20.0,21.0
33,SE33,18.0,29.2
33,TH01,9.0,9.3
33,TPOX,11.0,12.0
33,Yindel,2.0,2.0
33,vWA,16.0,17.0
34,AMEL,X,X
34,CSF1PO,11.0,12.0
34,D10S1248,13.0,14.0
34,D12S391,18.0,19.0
34,D13S317,10.0,11.0
34,D16S539,8.0,12.0
34,D18S51,14.0,19.0
34,D19S433,13.0,13.2
34,D1S1656,13.0,17.3
34,D21S11,28.0,31.2
34,D22S1045,11.0,18.0
34,D2S1338,17.0,19.0
34,D2S441,11.0,12.0
34,D3S1358,14.0,15.0
34,D5S818,12.0,13.0
34,D7S820,8.0,9.0
34,D8S1179,11.0,12.0
34,DYS391,9.0,10.0
34,FGA,23.0,24.0
34,SE33,28.2,30.0
34,TH01,8.0,9.3
34,TPOX,11.0,12.0
34,Yindel,2.0,2.0
34,vWA,17.0,18.0
35,AMEL,X,X
35,CSF1PO,10.0,12.0
35,D10S1248,13.0,15.0
35,D12S391,19.0,24.0
35,D13S317,11.0,12.0
35,D16S539,9.0,11.0
35,D18S51,12.0,20.0
35,D19S433,11.0,16.2
35,D1S1656,12.0,14.0
35,D21S11,28.0,30.0
35,D22S1045,16.0,17.0
35,D2S1338,24.0,25.0
35,D2S441,11.0,14.0
35,D3S1358,15.0,17.0
35,D5S818,11.0,12.0
35,D7S820,9.0,12.0
35,D8S1179,10.0,15.0
35,DYS391,10.0,10.0
35,FGA,19.2,24.0
35,SE33,19.0,26.2
35,TH01,7.0,8.0
35,TPOX,11.0,11.0
35,Yindel,2.0,2.0
35,vWA,16.0,17.0
36,AMEL,X,X
36,CSF1PO,9.0,10.0
36,D10S1248,12.0,13.0
36,D12S391,17.0,18.0
36,D13S317,10.0,11.0
36,D16S539,9.0,11.0
36,D18S51,17.0,18.0
36,D19S433,10.2,14.0
36,D1S1656,14.0,15.0
36,D21S11,27.0,28.0
36,D22S1045,11.0,16.0
36,D2S1338,18.0,19.0
36,D2S441,11.0,14.0
36,D3S1358,15.0,16.0
36,D5S818,10.0,12.0
36,D7S820,9.0,10.0
36,D8S1179,10.0,13.0
36,DYS391,10.0,10.0
36,FGA,23.0,24.0
36,SE33,15.0,19.0
36,TH01,8.0,9.3
36,TPOX,6.0,8.0
36,Yindel,2.0,2.0
36,vWA,15.0,16.0
37,AMEL,X,X
37,CSF1PO,10.0,12.0
37,D10S1248,12.0,13.0
37,D12S391,20.0,24.0
37,D13S317,9.0,11.0
37,D16S539,11.0,12.0
37,D18S51,15.0,17.0
37,D19S433,13.0,14.0
37,D1S1656,12.0,15.0
37,D21S11,29.0,31.2
37,D22S1045,15.0,16.0
37,D2S1338,18.0,20.0
37,D2S441,10.0,14.0
37,D3S1358,14.0,15.0
37,D5S818,11.0,12.0
37,D7S820,8.0,11.0
37,D8S1179,12.0,13.0
37,DYS391,11.0,11.0
37,FGA,21.0,22.0
37,SE33,18.0,19.0
37,TH01,6.0,7.0
37,TPOX,8.0,12.0
37,Yindel,2.0,2.0
37,vWA,16.0,18.0
38,AMEL,X,X
38,CSF1PO,11.0,12.0
38,D10S1248,13.0,15.0
38,D12S391,18.0,21.0
38,D13S317,11.0,12.0
38,D16S539,11.0,13.0
38,D18S51,15.0,17.0
38,D19S433,14.0,14.2
38,D1S1656,11.0,14.0
38,D21S11,28.0,30.0
38,D22S1045,11.0,15.0
38,D2S1338,16.0,19.0
38,D2S441,14.0,14.0
38,D3S1358,16.0,17.0
38,D5S818,11.0,13.0
38,D7S820,8.0,11.0
38,D8S1179,12.0,15.0
38,DYS391,10.0,10.0
38,FGA,22.0,25.0
38,SE33,20.2,21.0
38,TH01,7.0,7.0
38,TPOX,8.0,10.0
38,Yindel,2.0,2.0
38,vWA,17.0,18.0
39,AMEL,X,X
39,CSF1PO,10.0,12.0
39,D10S1248,13.0,14.0
39,D12S391,18.0,20.0
39,D13S317,10.0,12.0
39,D16S539,9.0,13.0
39,D18S51,13.0,20.0
39,D19S433,13.0,14.0
39,D1S1656,13.0,16.3
39,D21S11,29.0,30.0
39,D22S1045,14.0,15.0
39,D2S1338,16.0,19.0
39,D2S441,13.0,14.0
39,D3S1358,16.0,17.0
39,D5S818,12.0,13.0
39,D7S820,9.0,12.0
39,D8S1179,10.0,13.0
39,DYS391,9.0,10.0
39,FGA,22.0,22.2
39,SE33,15.0,16.0
39,TH01,6.0,9.3
39,TPOX,8.0,11.0
39,Yindel,2.0,2.0
39,vWA,18.0,19.0
41,AMEL,X,X
41,CSF1PO,11.0,12.0
41,D10S1248,12.0,14.0
41,D12S391,18.0,19.0
41,D13S317,12.0,13.0
41,D16S539,9.0,11.0
41,D18S51,13.0,19.0
41,D19S433,13.0,16.2
41,D1S1656,14.0,15.0
41,D21S11,31.0,35.0
41,D22S1045,14.0,15.0
41,D2S1338,20.0,22.0
41,D2S441,10.0,11.0
41,D3S1358,16.0,17.0
41,D5S818,10.0,11.0
41,D7S820,10.0,11.0
41,D8S1179,13.0,14.0
41,DYS391,11.0,11.0
41,FGA,22.0,27.0
41,SE33,14.0,20.0
41,TH01,7.0,7.0
41,TPOX,8.0,8.0
41,Yindel,2.0,2.0
41,vWA,18.0,19.0
42,AMEL,X,X
42,CSF1PO,10.0,12.0
42,D10S1248,12.0,15.0
42,D12S391,17.0,18.0
42,D13S317,12.0,13.0
42,D16S539,9.0,12.0
42,D18S51,17.0,18.0
42,D19S433,14.0,14.2
42,D1S1656,11.0,15.0
42,D21S11,30.0,31.2
42,D22S1045,11.0,15.0
42,D2S1338,22.0,23.0
42,D2S441,11.0,12.0
42,D3S1358,15.0,16.0
42,D5S818,12.0,13.0
42,D7S820,10.0,11.0
42,D8S1179,12.0,14.0
42,DYS391,,
42,FGA,20.0,21.0
42,SE33,24.2,25.2
42,TH01,9.0,9.3
42,TPOX,8.0,10.0
42,Yindel,,
42,vWA,16.0,17.0
43,AMEL,X,X
43,CSF1PO,10.0,12.0
43,D10S1248,12.0,13.0
43,D12S391,17.0,18.0
43,D13S317,11.0,12.0
43,D16S539,10.0,10.0
43,D18S51,18.0,19.0
43,D19S433,13.2,14.0
43,D1S1656,14.0,15.0
43,D21S11,27.0,29.0
43,D22S1045,12.0,14.0
43,D2S1338,19.0,22.0
43,D2S441,11.0,12.0
43,D3S1358,14.0,15.0
43,D5S818,11.0,12.0
43,D7S820,8.0,9.0
43,D8S1179,11.0,13.0
43,DYS391,11.0,11.0
43,FGA,21.0,28.0
43,SE33,17.0,21.0
43,TH01,8.0,9.3
43,TPOX,8.0,11.0
43,Yindel,2.0,2.0
43,vWA,13.0,17.0
44,AMEL,X,X
44,CSF1PO,11.0,12.0
44,D10S1248,14.0,15.0
44,D12S391,18.0,20.0
44,D13S317,8.0,8.0
44,D16S539,10.0,11.0
44,D18S51,12.0,14.0
44,D19S433,13.0,15.0
44,D1S1656,14.0,16.0
44,D21S11,28.0,32.0
44,D22S1045,15.0,16.0
44,D2S1338,16.0,19.0
44,D2S441,11.0,14.0
44,D3S1358,15.0,16.0
44,D5S818,11.0,12.0
44,D7S820,8.0,10.0
44,D8S1179,14.0,15.0
44,DYS391,10.0,10.0
44,FGA,23.0,24.0
44,SE33,20.0,28.2
44,TH01,6.0,9.3
44,TPOX,11.0,11.0
44,Yindel,2.0,2.0
44,vWA,19.0,20.0
45,AMEL,X,X
45,CSF1PO,11.0,12.0
45,D10S1248,13.0,15.0
45,D12S391,17.0,18.0
45,D13S317,12.0,13.0
45,D16S539,10.0,11.0
45,D18S51,16.0,17.0
45,D19S433,11.0,14.0
45,D1S1656,14.0,17.3
45,D21S11,28.0,31.0
45,D22S1045,16.0,17.0
45,D2S1338,19.0,25.0
45,D2S441,12.0,14.0
45,D3S1358,15.0,17.0
45,D5S818,10.0,11.0
45,D7S820,9.0,10.0
45,D8S1179,10.0,14.0
45,DYS391,10.0,10.0
45,FGA,21.0,25.0
45,SE33,18.0,18.1
45,TH01,7.0,9.0
45,TPOX,8.0,11.0
45,Yindel,2.0,2.0
45,vWA,13.0,16.0
46,AMEL,X,X
46,CSF1PO,10.0,11.0
46,D10S1248,14.0,17.0
46,D12S391,17.0,18.0
46,D13S317,11.0,12.0
46,D16S539,11.0,12.0
46,D18S51,13.0,18.0
46,D19S433,10.0,13.0
46,D1S1656,11.0,12.0
46,D21S11,31.0,32.2
46,D22S1045,11.0,14.0
46,D2S1338,24.0,25.0
46,D2S441,11.3,14.0
46,D3S1358,14.0,15.0
46,D5S818,10.0,11.0
46,D7S820,9.0,12.0
46,D8S1179,11.0,14.0
46,DYS391,10.0,11.0
46,FGA,25.0,26.0
46,SE33,18.0,28.2
46,TH01,7.0,9.0
46,TPOX,8.0,8.0
46,Yindel,2.0,2.0
46,vWA,15.0,16.0
47,AMEL,X,X
47,CSF1PO,11.0,12.0
47,D10S1248,12.0,13.0
47,D12S391,18.0,22.0
47,D13S317,11.0,12.0
47,D16S539,11.0,12.0
47,D18S51,13.0,15.0
47,D19S433,13.0,14.2
47,D1S1656,13.0,16.0
47,D21S11,27.0,30.0
47,D22S1045,11.0,16.0
47,D2S1338,23.0,24.0
47,D2S441,10.0,11.0
47,D3S1358,13.0,14.0
47,D5S818,12.0,13.0
47,D7S820,9.0,10.0
47,D8S1179,12.0,13.0
47,DYS391,10.0,10.0
47,FGA,21.0,22.0
47,SE33,16.0,28.2
47,TH01,6.0,9.0
47,TPOX,8.0,10.0
47,Yindel,2.0,2.0
47,vWA,16.0,18.0
48,AMEL,X,X
48,CSF1PO,10.0,10.0
48,D10S1248,13.0,16.0
48,D12S391,17.0,25.0
48,D13S317,11.0,12.0
48,D16S539,9.0,13.0
48,D18S51,12.0,17.0
48,D19S433,14.0,15.0
48,D1S1656,13.0,14.0
48,D21S11,29.0,31.2
48,D22S1045,14.0,15.0
48,D2S1338,17.0,25.0
48,D2S441,10.0,11.0
48,D3S1358,15.0,18.0
48,D5S818,12.0,14.0
48,D7S820,8.0,10.0
48,D8S1179,13.0,14.0
48,DYS391,10.0,10.0
48,FGA,19.0,27.0
48,SE33,20.0,29.2
48,TH01,7.0,9.0
48,TPOX,8.0,9.0
48,Yindel,2.0,2.0
48,vWA,16.0,17.0
49,AMEL,X,X
49,CSF1PO,10.0,10.0
49,D10S1248,12.0,15.0
49,D12S391,17.0,24.0
49,D13S317,12.0,13.0
49,D16S539,10.0,13.0
49,D18S51,12.0,17.0
49,D19S433,12.0,13.0
49,D1S1656,12.0,15.0
49,D21S11,29.0,32.2
49,D22S1045,14.0,15.0
49,D2S1338,16.0,17.0
49,D2S441,10.0,11.0
49,D3S1358,14.0,17.0
49,D5S818,11.0,13.0
49,D7S820,8.0,9.0
49,D8S1179,10.0,13.0
49,DYS391,11.0,11.0
49,FGA,23.0,24.0
49,SE33,18.0,26.2
49,TH01,6.0,9.0
49,TPOX,11.0,11.0
49,Yindel,2.0,2.0
49,vWA,17.0,18.0
