fold,n1,n2,n3,n4,n5,zs_macro,zs_acc,zs_f1_n1,zs_f1_n2,zs_f1_n3,zs_f1_n4,zs_f1_n5,zs_rec_n1,zs_rec_n2,zs_rec_n3,zs_rec_n4,zs_rec_n5,ho_strict,ho_strict_f1_n1,ho_strict_f1_n2,ho_strict_f1_n3,ho_strict_f1_n4,ho_strict_f1_n5,ho_strict_rec_n1,ho_strict_rec_n2,ho_strict_rec_n3,ho_strict_rec_n4,ho_strict_rec_n5,ho_deepnoc,ho_deepnoc_f1_n1,ho_deepnoc_f1_n2,ho_deepnoc_f1_n3,ho_deepnoc_f1_n4,ho_deepnoc_f1_n5
0,1125,334,385,242,372,0.8025,0.8779,0.9982,0.9774,0.9087,0.5963,0.532,0.9982,0.9731,0.9818,0.8058,0.3683,0.8691,0.9927,0.9248,0.8531,0.6745,0.9005,0.9867,0.9371,0.9299,0.6198,0.866,0.9277,0.9979,0.9539,0.941,0.8493,0.8965
1,1109,479,293,324,372,0.9103,0.9383,0.9937,0.971,0.9061,0.8336,0.8473,0.991,0.977,0.9386,0.9043,0.7608,0.8873,0.9923,0.9496,0.8985,0.7651,0.8307,0.9883,0.9374,0.9178,0.7407,0.8656,0.9179,0.9918,0.9672,0.9292,0.8368,0.8642
2,1103,383,290,296,168,0.8656,0.9344,0.9959,0.9686,0.9047,0.8297,0.629,0.9946,0.9661,0.9655,0.9054,0.4643,0.9317,0.9869,0.9547,0.9284,0.9179,0.8704,0.9755,0.9738,0.9481,0.9493,0.8155,0.9376,0.9877,0.9488,0.9097,0.9389,0.903
3,1112,481,385,389,168,0.9142,0.9527,0.9973,0.9651,0.9354,0.8917,0.7817,0.9955,0.9771,0.9584,0.9203,0.6607,0.9132,0.9938,0.9682,0.9224,0.8658,0.816,0.9919,0.9709,0.9065,0.8663,0.8512,0.9242,0.9964,0.9729,0.9213,0.8904,0.84
4,1113,478,385,284,198,0.878,0.928,0.996,0.9549,0.8877,0.7798,0.7717,0.9955,0.9519,0.8935,0.8169,0.7172,0.8909,0.9875,0.9449,0.8891,0.8176,0.8154,0.9802,0.9435,0.9041,0.8662,0.7576,0.9371,0.9913,0.9597,0.9331,0.895,0.9063
5,1082,382,437,341,198,0.8381,0.9094,0.994,0.9569,0.9016,0.752,0.5859,0.9917,0.9581,0.9542,0.8094,0.4394,0.903,0.9905,0.9299,0.8697,0.8514,0.8737,0.9834,0.9396,0.8398,0.8889,0.8934,0.921,0.9894,0.9505,0.9053,0.8755,0.8844
6,1095,383,338,378,270,0.8884,0.9286,0.9977,0.9664,0.9182,0.8238,0.7359,0.9973,0.9765,0.9467,0.8783,0.6296,0.8941,0.9911,0.9502,0.8994,0.8225,0.8073,0.9863,0.953,0.8876,0.8519,0.7955,0.9098,0.9964,0.9726,0.9116,0.8486,0.8197
7,1119,526,436,434,246,0.9196,0.946,0.9955,0.9623,0.9224,0.8812,0.8367,0.9955,0.9696,0.9266,0.9147,0.7602,0.8925,0.9927,0.9539,0.9072,0.8307,0.7782,0.9893,0.9449,0.8924,0.8637,0.7764,0.9168,0.9949,0.9526,0.908,0.8626,0.866
8,1109,479,337,425,420,0.8997,0.9256,0.9959,0.9686,0.8892,0.8143,0.8306,0.9946,0.9666,0.9644,0.8565,0.7381,0.9022,0.9928,0.9691,0.8874,0.8012,0.8602,0.9883,0.9729,0.9169,0.8094,0.8357,0.9039,0.991,0.9668,0.9086,0.8137,0.8392
9,1095,481,436,344,96,0.9338,0.9633,0.9973,0.9705,0.9311,0.9161,0.8541,0.9982,0.9563,0.961,0.907,0.8229,0.9049,0.9907,0.9442,0.8989,0.8797,0.8109,0.9845,0.9335,0.8968,0.8953,0.875,0.9119,0.9917,0.9578,0.9226,0.8827,0.8049
