fold,zero_shot,zero_shot_25s,head_only_strict,head_only_deepnoc,card_cal_strict,card_cal_deepnoc,lora_inv_strict,lora_inv_deepnoc,head_only_25s_strict,head_only_25s_deepnoc,card_cal_25s_strict,card_cal_25s_deepnoc,id_oracle_em,id_em_at_k
0,0.8025,0.809,0.8691,0.9277,0.8528,0.8837,0.7552,0.8094,0.8579,0.9434,0.8144,0.8922,0.9797,0.8763
1,0.9103,0.9187,0.8873,0.9179,0.9104,0.9223,0.899,0.9131,0.904,0.923,0.9223,0.9357,0.967,0.9267
2,0.8656,0.8933,0.9317,0.9376,0.8997,0.8962,0.8301,0.9188,0.9444,0.9695,0.8931,0.9119,0.9893,0.9304
3,0.9142,0.9382,0.9132,0.9242,0.9252,0.9355,0.9257,0.9374,0.9228,0.9252,0.943,0.942,0.9791,0.9464
4,0.878,0.8807,0.8909,0.9371,0.8709,0.8674,0.8684,0.9238,0.8873,0.8878,0.8779,0.8922,0.9744,0.919
5,0.8381,0.8587,0.903,0.921,0.8766,0.8861,0.7679,0.8226,0.8907,0.9373,0.8355,0.8837,0.982,0.9037
6,0.8884,0.9062,0.8941,0.9098,0.9091,0.9172,0.8976,0.915,0.9044,0.9286,0.9216,0.9488,0.9708,0.9213
7,0.9196,0.9229,0.8925,0.9168,0.9215,0.9229,0.9052,0.9267,0.8969,0.8938,0.9136,0.9272,0.9779,0.9395
8,0.8997,0.9213,0.9022,0.9039,0.9152,0.9099,0.9079,0.9158,0.9002,0.8991,0.9357,0.9382,0.9744,0.9202
9,0.9338,0.9338,0.9049,0.9119,0.9228,0.9349,0.9142,0.925,0.9045,0.8851,0.9339,0.9291,0.9841,0.958
