fold,unknown donors,n (N1/N2/N3/N4/N5),NoC acc,NoC macroF1,F1 N1,F1 N2,F1 N3,F1 N4,F1 N5,oracle EM,EM@k,donor F1@k,reject AUROC,checks
0,"6,21,26,40,50",2458 (1125/334/385/242/372),0.878,0.802,0.998,0.977,0.909,0.596,0.532,0.980,0.876,0.968,1.000,OK
1,"18,28,46,47,48",2577 (1109/479/293/324/372),0.938,0.910,0.994,0.971,0.906,0.834,0.847,0.967,0.927,0.977,1.000,OK
2,"19,24,32,38,41",2240 (1103/383/290/296/168),0.934,0.866,0.996,0.969,0.905,0.830,0.629,0.989,0.930,0.980,1.000,OK
3,"5,8,25,30,39",2535 (1112/481/385/389/168),0.953,0.914,0.997,0.965,0.935,0.892,0.782,0.979,0.946,0.983,0.996,OK
4,"10,22,27,29,35",2458 (1113/478/385/284/198),0.928,0.878,0.996,0.955,0.888,0.780,0.772,0.974,0.919,0.975,1.000,OK
5,"16,17,33,42,43",2440 (1082/382/437/341/198),0.909,0.838,0.994,0.957,0.902,0.752,0.586,0.982,0.904,0.975,1.000,OK
6,"4,11,31,44,45",2464 (1095/383/338/378/270),0.929,0.888,0.998,0.966,0.918,0.824,0.736,0.971,0.921,0.977,1.000,OK
7,"7,12,20,23,36",2761 (1119/526/436/434/246),0.946,0.920,0.996,0.962,0.922,0.881,0.837,0.978,0.940,0.982,1.000,OK
8,"1,3,13,15,49",2770 (1109/479/337/425/420),0.926,0.900,0.996,0.969,0.889,0.814,0.831,0.974,0.920,0.979,1.000,OK
9,"2,9,14,34,37",2452 (1095/481/436/344/96),0.963,0.934,0.997,0.971,0.931,0.916,0.854,0.984,0.958,0.986,1.000,OK
