Sample File,Marker,Dye,Allele 1,Size 1,Height 1,Allele 2,Size 2,Height 2,Allele 3,Size 3,Height 3,Allele 4,Size 4,Height 4,Allele 5,Size 5,Height 5,Allele 6,Size 6,Height 6,Allele 7,Size 7,Height 7,Allele 8,Size 8,Height 8,Allele 9,Size 9,Height 9,Allele 10,Size 10,Height 10,Allele 11,Size 11,Height 11,Allele 12,Size 12,Height 12,Allele 13,Size 13,Height 13,Allele 14,Size 14,Height 14,Allele 15,Size 15,Height 15,Allele 16,Size 16,Height 16,Allele 17,Size 17,Height 17,Allele 18,Size 18,Height 18,Allele 19,Size 19,Height 19,Allele 20,Size 20,Height 20,Allele 21,Size 21,Height 21,Allele 22,Size 22,Height 22,Allele 23,Size 23,Height 23,Allele 24,Size 24,Height 24,Allele 25,Size 25,Height 25,Allele 26,Size 26,Height 26,Allele 27,Size 27,Height 27,Allele 28,Size 28,Height 28,Allele 29,Size 29,Height 29,Allele 30,Size 30,Height 30,Allele 31,Size 31,Height 31,Allele 32,Size 32,Height 32,Allele 33,Size 33,Height 33,Allele 34,Size 34,Height 34,Allele 35,Size 35,Height 35,Allele 36,Size 36,Height 36,Allele 37,Size 37,Height 37,Allele 38,Size 38,Height 38,Allele 39,Size 39,Height 39,Allele 40,Size 40,Height 40,Allele 41,Size 41,Height 41,Allele 42,Size 42,Height 42,Allele 43,Size 43,Height 43,Allele 44,Size 44,Height 44,Allele 45,Size 45,Height 45,Allele 46,Size 46,Height 46,Allele 47,Size 47,Height 47,Allele 48,Size 48,Height 48,Allele 49,Size 49,Height 49,Allele 50,Size 50,Height 50,Allele 51,Size 51,Height 51,Allele 52,Size 52,Height 52,Allele 53,Size 53,Height 53,Allele 54,Size 54,Height 54,Allele 55,Size 55,Height 55,Allele 56,Size 56,Height 56,Allele 57,Size 57,Height 57,Allele 58,Size 58,Height 58,Allele 59,Size 59,Height 59,Allele 60,Size 60,Height 60,Allele 61,Size 61,Height 61,Allele 62,Size 62,Height 62,Allele 63,Size 63,Height 63,Allele 64,Size 64,Height 64,Allele 65,Size 65,Height 65,Allele 66,Size 66,Height 66,Allele 67,Size 67,Height 67,Allele 68,Size 68,Height 68,Allele 69,Size 69,Height 69,Allele 70,Size 70,Height 70,Allele 71,Size 71,Height 71,Allele 72,Size 72,Height 72,Allele 73,Size 73,Height 73,Allele 74,Size 74,Height 74,Allele 75,Size 75,Height 75,Allele 76,Size 76,Height 76,Allele 77,Size 77,Height 77,Allele 78,Size 78,Height 78,Allele 79,Size 79,Height 79,Allele 80,Size 80,Height 80,Allele 81,Size 81,Height 81,Allele 82,Size 82,Height 82,Allele 83,Size 83,Height 83,Allele 84,Size 84,Height 84,Allele 85,Size 85,Height 85,Allele 86,Size 86,Height 86,Allele 87,Size 87,Height 87,Allele 88,Size 88,Height 88,Allele 89,Size 89,Height 89,Allele 90,Size 90,Height 90,Allele 91,Size 91,Height 91,Allele 92,Size 92,Height 92,Allele 93,Size 93,Height 93,Allele 94,Size 94,Height 94,Allele 95,Size 95,Height 95,Allele 96,Size 96,Height 96,Allele 97,Size 97,Height 97,Allele 98,Size 98,Height 98,Allele 99,Size 99,Height 99,Allele 100,Size 100,Height 100
A05_RD14-0003-40_41_42_43-1;1;1;1-M2S10-0.124IP-Q1.3_001.20sec.fsa,D8S1179,B,OL,112.62,6,OL,122.32,9,OL,123.08,10,10,129.61,17,11,133.69,278,12,137.81,288,13,141.99,170,14,146.14,605,15,150.31,174,16,154.18,5,OL,155.71,4,OL,165.25,6,OL,169.94,4,OL,176.8,4,,,,,,,,,,,,,,,,,,,,,,,,,,,,,,,,,,,,,,,,,,,,,,,,,,,,,,,,,,,,,,,,,,,,,,,,,,,,,,,,,,,,,,,,,,,,,,,,,,,,,,,,,,,,,,,,,,,,,,,,,,,,,,,,,,,,,,,,,,,,,,,,,,,,,,,,,,,,,,,,,,,,,,,,,,,,,,,,,,,,,,,,,,,,,,,,,,,,,,,,,,,,,,,,,,,,,,,,,,,,,,,,,,,,,,,,,,,,,,,,,,,,,,,,,,,,,,,,,,
A05_RD14-0003-40_41_42_43-1;1;1;1-M2S10-0.124IP-Q1.3_001.20sec.fsa,D21S11,B,24.2,184.06,3,26,190.41,9,26.2,192.28,3,27,194.63,102,28,198.62,70,29,202.62,138,30,206.6,50,30.2,208.6,9,31,210.61,50,31.2,212.63,100,32.2,216.91,5,34,223.1,8,34.2,225.14,5,35,226.93,114,37,235.34,5,OL,241.86,5,,,,,,,,,,,,,,,,,,,,,,,,,,,,,,,,,,,,,,,,,,,,,,,,,,,,,,,,,,,,,,,,,,,,,,,,,,,,,,,,,,,,,,,,,,,,,,,,,,,,,,,,,,,,,,,,,,,,,,,,,,,,,,,,,,,,,,,,,,,,,,,,,,,,,,,,,,,,,,,,,,,,,,,,,,,,,,,,,,,,,,,,,,,,,,,,,,,,,,,,,,,,,,,,,,,,,,,,,,,,,,,,,,,,,,,,,,,,,,,,,,,,,,,,,,,,
A05_RD14-0003-40_41_42_43-1;1;1;1-M2S10-0.124IP-Q1.3_001.20sec.fsa,D7S820,B,OL,257.11,3,OL,258.8,8,11,274.19,116,OL,287.25,4,,,,,,,,,,,,,,,,,,,,,,,,,,,,,,,,,,,,,,,,,,,,,,,,,,,,,,,,,,,,,,,,,,,,,,,,,,,,,,,,,,,,,,,,,,,,,,,,,,,,,,,,,,,,,,,,,,,,,,,,,,,,,,,,,,,,,,,,,,,,,,,,,,,,,,,,,,,,,,,,,,,,,,,,,,,,,,,,,,,,,,,,,,,,,,,,,,,,,,,,,,,,,,,,,,,,,,,,,,,,,,,,,,,,,,,,,,,,,,,,,,,,,,,,,,,,,,,,,,,,,,,,,,,,,,,,,,,,,,,,,,,,,,,,
A05_RD14-0003-40_41_42_43-1;1;1;1-M2S10-0.124IP-Q1.3_001.20sec.fsa,CSF1PO,B,5,298.77,4,OL,300.24,7,OL,301.05,5,OL,301.69,4,7,306.42,5,OL,307.41,5,9,314.18,6,10,318.76,30,11,322.75,11,OL,324.47,2,12,326.78,172,OL,336.46,5,OL,339.92,5,OL,342.06,4,,,,,,,,,,,,,,,,,,,,,,,,,,,,,,,,,,,,,,,,,,,,,,,,,,,,,,,,,,,,,,,,,,,,,,,,,,,,,,,,,,,,,,,,,,,,,,,,,,,,,,,,,,,,,,,,,,,,,,,,,,,,,,,,,,,,,,,,,,,,,,,,,,,,,,,,,,,,,,,,,,,,,,,,,,,,,,,,,,,,,,,,,,,,,,,,,,,,,,,,,,,,,,,,,,,,,,,,,,,,,,,,,,,,,,,,,,,,,,,,,,,,,,,,,,,,,,,,,,
A05_RD14-0003-40_41_42_43-1;1;1;1-M2S10-0.124IP-Q1.3_001.20sec.fsa,D3S1358,G,OL,100,11,OL,116.3,12,14,118.23,49,15,122.25,662,16,126.25,383,17,130.37,357,17.2,132.07,3,OL,135.31,2,OL,139.14,5,,,,,,,,,,,,,,,,,,,,,,,,,,,,,,,,,,,,,,,,,,,,,,,,,,,,,,,,,,,,,,,,,,,,,,,,,,,,,,,,,,,,,,,,,,,,,,,,,,,,,,,,,,,,,,,,,,,,,,,,,,,,,,,,,,,,,,,,,,,,,,,,,,,,,,,,,,,,,,,,,,,,,,,,,,,,,,,,,,,,,,,,,,,,,,,,,,,,,,,,,,,,,,,,,,,,,,,,,,,,,,,,,,,,,,,,,,,,,,,,,,,,,,,,,,,,,,,,,,,,,,,,,,,,,,,,,
A05_RD14-0003-40_41_42_43-1;1;1;1-M2S10-0.124IP-Q1.3_001.20sec.fsa,TH01,G,4,160.32,6,OL,161.11,5,6,168.43,9,7,172.66,449,8,176.64,467,9,180.73,146,9.3,183.9,310,OL,198.78,5,,,,,,,,,,,,,,,,,,,,,,,,,,,,,,,,,,,,,,,,,,,,,,,,,,,,,,,,,,,,,,,,,,,,,,,,,,,,,,,,,,,,,,,,,,,,,,,,,,,,,,,,,,,,,,,,,,,,,,,,,,,,,,,,,,,,,,,,,,,,,,,,,,,,,,,,,,,,,,,,,,,,,,,,,,,,,,,,,,,,,,,,,,,,,,,,,,,,,,,,,,,,,,,,,,,,,,,,,,,,,,,,,,,,,,,,,,,,,,,,,,,,,,,,,,,,,,,,,,,,,,,,,,,,,,,,,,,,
A05_RD14-0003-40_41_42_43-1;1;1;1-M2S10-0.124IP-Q1.3_001.20sec.fsa,D13S317,G,OL,207.56,2,OL,212.06,8,OL,217.49,3,OL,218.16,4,OL,221.14,4,11,227.34,67,12,231.34,413,13,235.34,372,14,239.02,6,OL,239.92,7,OL,240.68,7,,,,,,,,,,,,,,,,,,,,,,,,,,,,,,,,,,,,,,,,,,,,,,,,,,,,,,,,,,,,,,,,,,,,,,,,,,,,,,,,,,,,,,,,,,,,,,,,,,,,,,,,,,,,,,,,,,,,,,,,,,,,,,,,,,,,,,,,,,,,,,,,,,,,,,,,,,,,,,,,,,,,,,,,,,,,,,,,,,,,,,,,,,,,,,,,,,,,,,,,,,,,,,,,,,,,,,,,,,,,,,,,,,,,,,,,,,,,,,,,,,,,,,,,,,,,,,,,,,,,,,,,,,,
A05_RD14-0003-40_41_42_43-1;1;1;1-M2S10-0.124IP-Q1.3_001.20sec.fsa,D16S539,G,OL,254.85,6,OL,258.64,5,9,267.32,229,10,271.29,188,11,275.26,225,12,279.25,132,13,283.54,4,14,287.58,5,OL,292.35,4,,,,,,,,,,,,,,,,,,,,,,,,,,,,,,,,,,,,,,,,,,,,,,,,,,,,,,,,,,,,,,,,,,,,,,,,,,,,,,,,,,,,,,,,,,,,,,,,,,,,,,,,,,,,,,,,,,,,,,,,,,,,,,,,,,,,,,,,,,,,,,,,,,,,,,,,,,,,,,,,,,,,,,,,,,,,,,,,,,,,,,,,,,,,,,,,,,,,,,,,,,,,,,,,,,,,,,,,,,,,,,,,,,,,,,,,,,,,,,,,,,,,,,,,,,,,,,,,,,,,,,,,,,,,,,,,,
A05_RD14-0003-40_41_42_43-1;1;1;1-M2S10-0.124IP-Q1.3_001.20sec.fsa,D2S1338,G,OL,314.35,7,19,320.95,13,20,325.07,81,21,329.08,25,22,333.16,358,24,341.03,18,25,345.24,148,OL,364.84,5,,,,,,,,,,,,,,,,,,,,,,,,,,,,,,,,,,,,,,,,,,,,,,,,,,,,,,,,,,,,,,,,,,,,,,,,,,,,,,,,,,,,,,,,,,,,,,,,,,,,,,,,,,,,,,,,,,,,,,,,,,,,,,,,,,,,,,,,,,,,,,,,,,,,,,,,,,,,,,,,,,,,,,,,,,,,,,,,,,,,,,,,,,,,,,,,,,,,,,,,,,,,,,,,,,,,,,,,,,,,,,,,,,,,,,,,,,,,,,,,,,,,,,,,,,,,,,,,,,,,,,,,,,,,,,,,,,,,
A05_RD14-0003-40_41_42_43-1;1;1;1-M2S10-0.124IP-Q1.3_001.20sec.fsa,D19S433,Y,11,108.16,99,11.2,109.78,5,12,112.16,17,12.2,114.15,20,13,116.23,375,13.2,118.23,289,14,120.15,494,14.2,122.17,100,15.2,126.18,16,16.2,130.07,102,OL,141.67,9,,,,,,,,,,,,,,,,,,,,,,,,,,,,,,,,,,,,,,,,,,,,,,,,,,,,,,,,,,,,,,,,,,,,,,,,,,,,,,,,,,,,,,,,,,,,,,,,,,,,,,,,,,,,,,,,,,,,,,,,,,,,,,,,,,,,,,,,,,,,,,,,,,,,,,,,,,,,,,,,,,,,,,,,,,,,,,,,,,,,,,,,,,,,,,,,,,,,,,,,,,,,,,,,,,,,,,,,,,,,,,,,,,,,,,,,,,,,,,,,,,,,,,,,,,,,,,,,,,,,,,,,,,,
A05_RD14-0003-40_41_42_43-1;1;1;1-M2S10-0.124IP-Q1.3_001.20sec.fsa,vWA,Y,11,151.6,8,12,155.55,5,13,160,88,OL,165.96,12,15,168.19,20,16,172.26,253,OL,175.13,8,17,176.25,352,18,180.33,82,OL,181.38,7,18.2,182.44,5,19,184.39,143,21,192.36,6,OL,195.85,3,,,,,,,,,,,,,,,,,,,,,,,,,,,,,,,,,,,,,,,,,,,,,,,,,,,,,,,,,,,,,,,,,,,,,,,,,,,,,,,,,,,,,,,,,,,,,,,,,,,,,,,,,,,,,,,,,,,,,,,,,,,,,,,,,,,,,,,,,,,,,,,,,,,,,,,,,,,,,,,,,,,,,,,,,,,,,,,,,,,,,,,,,,,,,,,,,,,,,,,,,,,,,,,,,,,,,,,,,,,,,,,,,,,,,,,,,,,,,,,,,,,,,,,,,,,,,,,,,,
A05_RD14-0003-40_41_42_43-1;1;1;1-M2S10-0.124IP-Q1.3_001.20sec.fsa,TPOX,Y,OL,213.92,9,8,228.81,336,9,232.81,17,OL,233.95,5,10,236.73,150,11,240.84,199,OL,250.08,11,OL,254.37,5,OL,255.82,11,,,,,,,,,,,,,,,,,,,,,,,,,,,,,,,,,,,,,,,,,,,,,,,,,,,,,,,,,,,,,,,,,,,,,,,,,,,,,,,,,,,,,,,,,,,,,,,,,,,,,,,,,,,,,,,,,,,,,,,,,,,,,,,,,,,,,,,,,,,,,,,,,,,,,,,,,,,,,,,,,,,,,,,,,,,,,,,,,,,,,,,,,,,,,,,,,,,,,,,,,,,,,,,,,,,,,,,,,,,,,,,,,,,,,,,,,,,,,,,,,,,,,,,,,,,,,,,,,,,,,,,,,,,,,,,,,
A05_RD14-0003-40_41_42_43-1;1;1;1-M2S10-0.124IP-Q1.3_001.20sec.fsa,D18S51,Y,12,281.15,42,13,285.11,63,17,301.13,51,18,305.11,34,19,309.06,30,OL,319.91,11,OL,326.95,8,OL,334.35,7,OL,337.22,8,,,,,,,,,,,,,,,,,,,,,,,,,,,,,,,,,,,,,,,,,,,,,,,,,,,,,,,,,,,,,,,,,,,,,,,,,,,,,,,,,,,,,,,,,,,,,,,,,,,,,,,,,,,,,,,,,,,,,,,,,,,,,,,,,,,,,,,,,,,,,,,,,,,,,,,,,,,,,,,,,,,,,,,,,,,,,,,,,,,,,,,,,,,,,,,,,,,,,,,,,,,,,,,,,,,,,,,,,,,,,,,,,,,,,,,,,,,,,,,,,,,,,,,,,,,,,,,,,,,,,,,,,,,,,,,,,
A05_RD14-0003-40_41_42_43-1;1;1;1-M2S10-0.124IP-Q1.3_001.20sec.fsa,AMEL,R,X,104.98,766,OL,107.38,5,Y,110.93,319,,,,,,,,,,,,,,,,,,,,,,,,,,,,,,,,,,,,,,,,,,,,,,,,,,,,,,,,,,,,,,,,,,,,,,,,,,,,,,,,,,,,,,,,,,,,,,,,,,,,,,,,,,,,,,,,,,,,,,,,,,,,,,,,,,,,,,,,,,,,,,,,,,,,,,,,,,,,,,,,,,,,,,,,,,,,,,,,,,,,,,,,,,,,,,,,,,,,,,,,,,,,,,,,,,,,,,,,,,,,,,,,,,,,,,,,,,,,,,,,,,,,,,,,,,,,,,,,,,,,,,,,,,,,,,,,,,,,,,,,,,,,,,,,,,,
A05_RD14-0003-40_41_42_43-1;1;1;1-M2S10-0.124IP-Q1.3_001.20sec.fsa,D5S818,R,7,132.14,11,OL,133.14,10,9,140.56,8,10,144.7,22,11,148.87,381,12,153.05,376,13,157.17,151,OL,170.02,9,OL,177.84,7,,,,,,,,,,,,,,,,,,,,,,,,,,,,,,,,,,,,,,,,,,,,,,,,,,,,,,,,,,,,,,,,,,,,,,,,,,,,,,,,,,,,,,,,,,,,,,,,,,,,,,,,,,,,,,,,,,,,,,,,,,,,,,,,,,,,,,,,,,,,,,,,,,,,,,,,,,,,,,,,,,,,,,,,,,,,,,,,,,,,,,,,,,,,,,,,,,,,,,,,,,,,,,,,,,,,,,,,,,,,,,,,,,,,,,,,,,,,,,,,,,,,,,,,,,,,,,,,,,,,,,,,,,,,,,,,,
A05_RD14-0003-40_41_42_43-1;1;1;1-M2S10-0.124IP-Q1.3_001.20sec.fsa,FGA,R,OL,212.22,10,OL,213.43,15,18.2,219.16,8,20,225.14,122,21,229.13,125,22,233.3,154,25,246.06,8,26,249.67,63,27,253.72,113,28,257.67,93,OL,262.22,6,30.2,267.24,5,OL,289.39,5,OL,297.94,8,OL,300.89,8,OL,305.6,8,OL,312.4,31,OL,313.07,32,OL,323.01,10,OL,326.35,5,45.2,328.91,8,OL,329.59,11,OL,330.44,10,47.2,336.38,11,OL,337.73,9,OL,339.41,8,OL,350.21,7,,,,,,,,,,,,,,,,,,,,,,,,,,,,,,,,,,,,,,,,,,,,,,,,,,,,,,,,,,,,,,,,,,,,,,,,,,,,,,,,,,,,,,,,,,,,,,,,,,,,,,,,,,,,,,,,,,,,,,,,,,,,,,,,,,,,,,,,,,,,,,,,,,,,,,,,,,,,,,,,,,,,,,,,,,,,,,,,,,,,,,,,,,,,,,,,,,,,,,,,,,,,,,,,,,,,,,,,,,,
B05_RD14-0003-40_41_42_43-1;1;1;1-M3S10-0.06IP-Q1.5_002.20sec.fsa,D8S1179,B,OL,114,4,OL,116.08,3,7,118.08,6,OL,120.07,4,11,133.77,10,12,137.81,94,13,141.98,169,14,146.12,66,15,150.36,32,17,158.31,5,OL,159.92,4,OL,170.14,3,OL,174.59,3,,,,,,,,,,,,,,,,,,,,,,,,,,,,,,,,,,,,,,,,,,,,,,,,,,,,,,,,,,,,,,,,,,,,,,,,,,,,,,,,,,,,,,,,,,,,,,,,,,,,,,,,,,,,,,,,,,,,,,,,,,,,,,,,,,,,,,,,,,,,,,,,,,,,,,,,,,,,,,,,,,,,,,,,,,,,,,,,,,,,,,,,,,,,,,,,,,,,,,,,,,,,,,,,,,,,,,,,,,,,,,,,,,,,,,,,,,,,,,,,,,,,,,,,,,,,,,,,,,,,,
B05_RD14-0003-40_41_42_43-1;1;1;1-M3S10-0.06IP-Q1.5_002.20sec.fsa,D21S11,B,25,186.51,4,OL,187.64,1,26,190.41,4,27,194.64,32,28,198.62,6,28.2,200.79,5,29,202.69,58,30,206.58,26,31.2,212.64,26,33,219.09,4,35,226.92,33,37,235.33,6,OL,239.84,7,,,,,,,,,,,,,,,,,,,,,,,,,,,,,,,,,,,,,,,,,,,,,,,,,,,,,,,,,,,,,,,,,,,,,,,,,,,,,,,,,,,,,,,,,,,,,,,,,,,,,,,,,,,,,,,,,,,,,,,,,,,,,,,,,,,,,,,,,,,,,,,,,,,,,,,,,,,,,,,,,,,,,,,,,,,,,,,,,,,,,,,,,,,,,,,,,,,,,,,,,,,,,,,,,,,,,,,,,,,,,,,,,,,,,,,,,,,,,,,,,,,,,,,,,,,,,,,,,,,,,
B05_RD14-0003-40_41_42_43-1;1;1;1-M3S10-0.06IP-Q1.5_002.20sec.fsa,D7S820,B,5,250.24,3,6,254.37,6,OL,257.27,2,OL,266.7,5,11,274.16,92,14,286.55,5,,,,,,,,,,,,,,,,,,,,,,,,,,,,,,,,,,,,,,,,,,,,,,,,,,,,,,,,,,,,,,,,,,,,,,,,,,,,,,,,,,,,,,,,,,,,,,,,,,,,,,,,,,,,,,,,,,,,,,,,,,,,,,,,,,,,,,,,,,,,,,,,,,,,,,,,,,,,,,,,,,,,,,,,,,,,,,,,,,,,,,,,,,,,,,,,,,,,,,,,,,,,,,,,,,,,,,,,,,,,,,,,,,,,,,,,,,,,,,,,,,,,,,,,,,,,,,,,,,,,,,,,,,,,,,,,,,,,,,,,,,
B05_RD14-0003-40_41_42_43-1;1;1;1-M3S10-0.06IP-Q1.5_002.20sec.fsa,CSF1PO,B,OL,303.96,3,OL,311.48,2,9,314,5,OL,315.14,5,OL,320.09,6,OL,324.69,3,12,326.81,46,OL,332.39,5,OL,340,9,,,,,,,,,,,,,,,,,,,,,,,,,,,,,,,,,,,,,,,,,,,,,,,,,,,,,,,,,,,,,,,,,,,,,,,,,,,,,,,,,,,,,,,,,,,,,,,,,,,,,,,,,,,,,,,,,,,,,,,,,,,,,,,,,,,,,,,,,,,,,,,,,,,,,,,,,,,,,,,,,,,,,,,,,,,,,,,,,,,,,,,,,,,,,,,,,,,,,,,,,,,,,,,,,,,,,,,,,,,,,,,,,,,,,,,,,,,,,,,,,,,,,,,,,,,,,,,,,,,,,,,,,,,,,,,,,
B05_RD14-0003-40_41_42_43-1;1;1;1-M3S10-0.06IP-Q1.5_002.20sec.fsa,D3S1358,G,OL,97.55,3,OL,99.62,8,OL,100.55,7,OL,105.29,4,OL,116.23,13,OL,116.74,13,14,118.15,28,15,122.18,263,16,126.26,223,17,130.46,85,OL,137.03,4,OL,143.89,7,,,,,,,,,,,,,,,,,,,,,,,,,,,,,,,,,,,,,,,,,,,,,,,,,,,,,,,,,,,,,,,,,,,,,,,,,,,,,,,,,,,,,,,,,,,,,,,,,,,,,,,,,,,,,,,,,,,,,,,,,,,,,,,,,,,,,,,,,,,,,,,,,,,,,,,,,,,,,,,,,,,,,,,,,,,,,,,,,,,,,,,,,,,,,,,,,,,,,,,,,,,,,,,,,,,,,,,,,,,,,,,,,,,,,,,,,,,,,,,,,,,,,,,,,,,,,,,,,,,,,,,,
B05_RD14-0003-40_41_42_43-1;1;1;1-M3S10-0.06IP-Q1.5_002.20sec.fsa,TH01,G,4,160.4,6,OL,162.85,5,5,164.98,4,OL,169.5,6,7,172.6,88,OL,174.43,6,8,176.66,92,9,180.73,47,9.3,183.9,91,,,,,,,,,,,,,,,,,,,,,,,,,,,,,,,,,,,,,,,,,,,,,,,,,,,,,,,,,,,,,,,,,,,,,,,,,,,,,,,,,,,,,,,,,,,,,,,,,,,,,,,,,,,,,,,,,,,,,,,,,,,,,,,,,,,,,,,,,,,,,,,,,,,,,,,,,,,,,,,,,,,,,,,,,,,,,,,,,,,,,,,,,,,,,,,,,,,,,,,,,,,,,,,,,,,,,,,,,,,,,,,,,,,,,,,,,,,,,,,,,,,,,,,,,,,,,,,,,,,,,,,,,,,,,,,,,
B05_RD14-0003-40_41_42_43-1;1;1;1-M3S10-0.06IP-Q1.5_002.20sec.fsa,D13S317,G,11,227.25,23,12,231.24,114,13,235.25,130,OL,240.17,7,OL,245.59,6,,,,,,,,,,,,,,,,,,,,,,,,,,,,,,,,,,,,,,,,,,,,,,,,,,,,,,,,,,,,,,,,,,,,,,,,,,,,,,,,,,,,,,,,,,,,,,,,,,,,,,,,,,,,,,,,,,,,,,,,,,,,,,,,,,,,,,,,,,,,,,,,,,,,,,,,,,,,,,,,,,,,,,,,,,,,,,,,,,,,,,,,,,,,,,,,,,,,,,,,,,,,,,,,,,,,,,,,,,,,,,,,,,,,,,,,,,,,,,,,,,,,,,,,,,,,,,,,,,,,,,,,,,,,,,,,,,,,,,,,,,,,,
B05_RD14-0003-40_41_42_43-1;1;1;1-M3S10-0.06IP-Q1.5_002.20sec.fsa,D16S539,G,5,251.86,6,8,263.51,7,9,267.27,75,OL,273.09,4,12.2,281.64,7,OL,287.78,4,OL,289.01,6,OL,290.24,5,15,291.39,7,OL,292.29,5,,,,,,,,,,,,,,,,,,,,,,,,,,,,,,,,,,,,,,,,,,,,,,,,,,,,,,,,,,,,,,,,,,,,,,,,,,,,,,,,,,,,,,,,,,,,,,,,,,,,,,,,,,,,,,,,,,,,,,,,,,,,,,,,,,,,,,,,,,,,,,,,,,,,,,,,,,,,,,,,,,,,,,,,,,,,,,,,,,,,,,,,,,,,,,,,,,,,,,,,,,,,,,,,,,,,,,,,,,,,,,,,,,,,,,,,,,,,,,,,,,,,,,,,,,,,,,,,,,,,,,,,,,,,,,
B05_RD14-0003-40_41_42_43-1;1;1;1-M3S10-0.06IP-Q1.5_002.20sec.fsa,D2S1338,G,15,304.37,6,OL,308.07,4,17,313.07,5,OL,319.73,5,19,321.11,41,OL,326.14,8,22,333.23,36,23,337.08,34,OL,340.51,4,26,349.31,6,OL,358.72,8,29,361.35,5,,,,,,,,,,,,,,,,,,,,,,,,,,,,,,,,,,,,,,,,,,,,,,,,,,,,,,,,,,,,,,,,,,,,,,,,,,,,,,,,,,,,,,,,,,,,,,,,,,,,,,,,,,,,,,,,,,,,,,,,,,,,,,,,,,,,,,,,,,,,,,,,,,,,,,,,,,,,,,,,,,,,,,,,,,,,,,,,,,,,,,,,,,,,,,,,,,,,,,,,,,,,,,,,,,,,,,,,,,,,,,,,,,,,,,,,,,,,,,,,,,,,,,,,,,,,,,,,,,,,,,,,
B05_RD14-0003-40_41_42_43-1;1;1;1-M3S10-0.06IP-Q1.5_002.20sec.fsa,D19S433,Y,11,108.16,36,13,116.23,81,13.2,118.23,37,14,120.07,48,14.2,122.1,35,15,123.83,12,17,131.99,7,OL,139.14,7,,,,,,,,,,,,,,,,,,,,,,,,,,,,,,,,,,,,,,,,,,,,,,,,,,,,,,,,,,,,,,,,,,,,,,,,,,,,,,,,,,,,,,,,,,,,,,,,,,,,,,,,,,,,,,,,,,,,,,,,,,,,,,,,,,,,,,,,,,,,,,,,,,,,,,,,,,,,,,,,,,,,,,,,,,,,,,,,,,,,,,,,,,,,,,,,,,,,,,,,,,,,,,,,,,,,,,,,,,,,,,,,,,,,,,,,,,,,,,,,,,,,,,,,,,,,,,,,,,,,,,,,,,,,,,,,,,,,
B05_RD14-0003-40_41_42_43-1;1;1;1-M3S10-0.06IP-Q1.5_002.20sec.fsa,vWA,Y,OL,146.76,7,13,160,34,OL,166.89,8,15,168,34,17,176.26,92,18,180.24,71,OL,195.61,7,OL,197.97,7,23,200.16,11,25,209.05,10,,,,,,,,,,,,,,,,,,,,,,,,,,,,,,,,,,,,,,,,,,,,,,,,,,,,,,,,,,,,,,,,,,,,,,,,,,,,,,,,,,,,,,,,,,,,,,,,,,,,,,,,,,,,,,,,,,,,,,,,,,,,,,,,,,,,,,,,,,,,,,,,,,,,,,,,,,,,,,,,,,,,,,,,,,,,,,,,,,,,,,,,,,,,,,,,,,,,,,,,,,,,,,,,,,,,,,,,,,,,,,,,,,,,,,,,,,,,,,,,,,,,,,,,,,,,,,,,,,,,,,,,,,,,,,
B05_RD14-0003-40_41_42_43-1;1;1;1-M3S10-0.06IP-Q1.5_002.20sec.fsa,TPOX,Y,OL,215.47,9,OL,226.59,6,8,228.71,80,OL,234.02,6,10,236.72,5,OL,239.92,9,11,240.59,7,11,241.34,5,OL,250.32,7,14,252.59,8,,,,,,,,,,,,,,,,,,,,,,,,,,,,,,,,,,,,,,,,,,,,,,,,,,,,,,,,,,,,,,,,,,,,,,,,,,,,,,,,,,,,,,,,,,,,,,,,,,,,,,,,,,,,,,,,,,,,,,,,,,,,,,,,,,,,,,,,,,,,,,,,,,,,,,,,,,,,,,,,,,,,,,,,,,,,,,,,,,,,,,,,,,,,,,,,,,,,,,,,,,,,,,,,,,,,,,,,,,,,,,,,,,,,,,,,,,,,,,,,,,,,,,,,,,,,,,,,,,,,,,,,,,,,,,
B05_RD14-0003-40_41_42_43-1;1;1;1-M3S10-0.06IP-Q1.5_002.20sec.fsa,D18S51,Y,7,260.41,9,OL,261.3,8,10,272.93,5,12,281.56,9,13,285.08,29,15,292.94,51,15.2,295.4,4,18,305.02,57,OL,307.65,7,OL,320.34,9,OL,332.22,7,OL,339,7,,,,,,,,,,,,,,,,,,,,,,,,,,,,,,,,,,,,,,,,,,,,,,,,,,,,,,,,,,,,,,,,,,,,,,,,,,,,,,,,,,,,,,,,,,,,,,,,,,,,,,,,,,,,,,,,,,,,,,,,,,,,,,,,,,,,,,,,,,,,,,,,,,,,,,,,,,,,,,,,,,,,,,,,,,,,,,,,,,,,,,,,,,,,,,,,,,,,,,,,,,,,,,,,,,,,,,,,,,,,,,,,,,,,,,,,,,,,,,,,,,,,,,,,,,,,,,,,,,,,,,,,
B05_RD14-0003-40_41_42_43-1;1;1;1-M3S10-0.06IP-Q1.5_002.20sec.fsa,AMEL,R,X,104.98,306,Y,110.85,155,,,,,,,,,,,,,,,,,,,,,,,,,,,,,,,,,,,,,,,,,,,,,,,,,,,,,,,,,,,,,,,,,,,,,,,,,,,,,,,,,,,,,,,,,,,,,,,,,,,,,,,,,,,,,,,,,,,,,,,,,,,,,,,,,,,,,,,,,,,,,,,,,,,,,,,,,,,,,,,,,,,,,,,,,,,,,,,,,,,,,,,,,,,,,,,,,,,,,,,,,,,,,,,,,,,,,,,,,,,,,,,,,,,,,,,,,,,,,,,,,,,,,,,,,,,,,,,,,,,,,,,,,,,,,,,,,,,,,,,,,,,,,,,,,,,,,,
B05_RD14-0003-40_41_42_43-1;1;1;1-M3S10-0.06IP-Q1.5_002.20sec.fsa,D5S818,R,7,132.38,6,11,148.92,60,12,153,80,13,157.1,66,14,160.95,9,17,173.16,10,OL,175.62,3,,,,,,,,,,,,,,,,,,,,,,,,,,,,,,,,,,,,,,,,,,,,,,,,,,,,,,,,,,,,,,,,,,,,,,,,,,,,,,,,,,,,,,,,,,,,,,,,,,,,,,,,,,,,,,,,,,,,,,,,,,,,,,,,,,,,,,,,,,,,,,,,,,,,,,,,,,,,,,,,,,,,,,,,,,,,,,,,,,,,,,,,,,,,,,,,,,,,,,,,,,,,,,,,,,,,,,,,,,,,,,,,,,,,,,,,,,,,,,,,,,,,,,,,,,,,,,,,,,,,,,,,,,,,,,,,,,,,,,,
B05_RD14-0003-40_41_42_43-1;1;1;1-M3S10-0.06IP-Q1.5_002.20sec.fsa,FGA,R,OL,207.29,9,19.2,222.6,6,21,229.12,33,22,233.21,25,25,246.01,7,26,250,5,OL,253,7,OL,256.54,6,31.2,271.61,8,OL,298.85,7,OL,301.69,6,OL,307.32,7,OL,310.31,8,OL,314.79,4,OL,330.79,9,OL,347.69,7,OL,349.48,7,51.2,352.9,5,OL,355.21,9,,,,,,,,,,,,,,,,,,,,,,,,,,,,,,,,,,,,,,,,,,,,,,,,,,,,,,,,,,,,,,,,,,,,,,,,,,,,,,,,,,,,,,,,,,,,,,,,,,,,,,,,,,,,,,,,,,,,,,,,,,,,,,,,,,,,,,,,,,,,,,,,,,,,,,,,,,,,,,,,,,,,,,,,,,,,,,,,,,,,,,,,,,,,,,,,,,,,,,,,,,,,,,,,,,,,,,,,,,,,,,,,,,,,,,,,,,,,,,,,,,,
C04_RD14-0003-36_37_38_39-1;2;2;1-M1S30-0.75IP-Q2.6_003.20sec.fsa,D8S1179,B,OL,112.22,5,OL,114.23,4,OL,118.48,4,OL,123.04,4,OL,123.73,5,9,125.72,38,10,129.72,931,11,133.74,47,12,137.8,642,13,142.01,2656,OL,145.06,3,14,146.11,53,OL,148.45,4,15,150.32,665,OL,160.08,4,OL,168.74,6,20,170.99,2,OL,172.6,9,,,,,,,,,,,,,,,,,,,,,,,,,,,,,,,,,,,,,,,,,,,,,,,,,,,,,,,,,,,,,,,,,,,,,,,,,,,,,,,,,,,,,,,,,,,,,,,,,,,,,,,,,,,,,,,,,,,,,,,,,,,,,,,,,,,,,,,,,,,,,,,,,,,,,,,,,,,,,,,,,,,,,,,,,,,,,,,,,,,,,,,,,,,,,,,,,,,,,,,,,,,,,,,,,,,,,,,,,,,,,,,,,,,,,,,,,,,,,,,,,,,,,,
C04_RD14-0003-36_37_38_39-1;2;2;1-M1S30-0.75IP-Q2.6_003.20sec.fsa,D21S11,B,OL,187.53,2,OL,191.88,6,27,194.67,19,28,198.69,294,29,202.75,119,30,206.71,292,31,210.76,6,31.2,212.7,125,33.2,220.98,2,OL,226.14,3,35,227.29,9,35.2,228.85,2,36,231.16,5,,,,,,,,,,,,,,,,,,,,,,,,,,,,,,,,,,,,,,,,,,,,,,,,,,,,,,,,,,,,,,,,,,,,,,,,,,,,,,,,,,,,,,,,,,,,,,,,,,,,,,,,,,,,,,,,,,,,,,,,,,,,,,,,,,,,,,,,,,,,,,,,,,,,,,,,,,,,,,,,,,,,,,,,,,,,,,,,,,,,,,,,,,,,,,,,,,,,,,,,,,,,,,,,,,,,,,,,,,,,,,,,,,,,,,,,,,,,,,,,,,,,,,,,,,,,,,,,,,,,,
C04_RD14-0003-36_37_38_39-1;2;2;1-M1S30-0.75IP-Q2.6_003.20sec.fsa,D7S820,B,OL,258.87,3,8,262.14,35,9,266.1,51,10,270.23,5,11,274.2,88,12,278.17,20,14,285.93,2,15,290.05,2,,,,,,,,,,,,,,,,,,,,,,,,,,,,,,,,,,,,,,,,,,,,,,,,,,,,,,,,,,,,,,,,,,,,,,,,,,,,,,,,,,,,,,,,,,,,,,,,,,,,,,,,,,,,,,,,,,,,,,,,,,,,,,,,,,,,,,,,,,,,,,,,,,,,,,,,,,,,,,,,,,,,,,,,,,,,,,,,,,,,,,,,,,,,,,,,,,,,,,,,,,,,,,,,,,,,,,,,,,,,,,,,,,,,,,,,,,,,,,,,,,,,,,,,,,,,,,,,,,,,,,,,,,,,,,,,,,,,
C04_RD14-0003-36_37_38_39-1;2;2;1-M1S30-0.75IP-Q2.6_003.20sec.fsa,CSF1PO,B,OL,311.4,4,9,314.53,4,10,318.76,81,11,322.91,8,12,326.84,75,OL,337.49,3,16,342.9,3,,,,,,,,,,,,,,,,,,,,,,,,,,,,,,,,,,,,,,,,,,,,,,,,,,,,,,,,,,,,,,,,,,,,,,,,,,,,,,,,,,,,,,,,,,,,,,,,,,,,,,,,,,,,,,,,,,,,,,,,,,,,,,,,,,,,,,,,,,,,,,,,,,,,,,,,,,,,,,,,,,,,,,,,,,,,,,,,,,,,,,,,,,,,,,,,,,,,,,,,,,,,,,,,,,,,,,,,,,,,,,,,,,,,,,,,,,,,,,,,,,,,,,,,,,,,,,,,,,,,,,,,,,,,,,,,,,,,,,,
C04_RD14-0003-36_37_38_39-1;2;2;1-M1S30-0.75IP-Q2.6_003.20sec.fsa,D3S1358,G,OL,94.46,7,OL,99.69,6,OL,100.55,6,11,106,9,13,114.38,84,14,118.33,1432,15,122.2,1867,16,126.33,987,17,130.41,1808,18,134.37,8,,,,,,,,,,,,,,,,,,,,,,,,,,,,,,,,,,,,,,,,,,,,,,,,,,,,,,,,,,,,,,,,,,,,,,,,,,,,,,,,,,,,,,,,,,,,,,,,,,,,,,,,,,,,,,,,,,,,,,,,,,,,,,,,,,,,,,,,,,,,,,,,,,,,,,,,,,,,,,,,,,,,,,,,,,,,,,,,,,,,,,,,,,,,,,,,,,,,,,,,,,,,,,,,,,,,,,,,,,,,,,,,,,,,,,,,,,,,,,,,,,,,,,,,,,,,,,,,,,,,,,,,,,,,,,
C04_RD14-0003-36_37_38_39-1;2;2;1-M1S30-0.75IP-Q2.6_003.20sec.fsa,TH01,G,5,164.41,13,6,168.58,1000,6.3,171.39,12,7,172.6,1783,8,176.62,211,8.3,179.52,7,OL,181.8,5,9.3,183.85,736,,,,,,,,,,,,,,,,,,,,,,,,,,,,,,,,,,,,,,,,,,,,,,,,,,,,,,,,,,,,,,,,,,,,,,,,,,,,,,,,,,,,,,,,,,,,,,,,,,,,,,,,,,,,,,,,,,,,,,,,,,,,,,,,,,,,,,,,,,,,,,,,,,,,,,,,,,,,,,,,,,,,,,,,,,,,,,,,,,,,,,,,,,,,,,,,,,,,,,,,,,,,,,,,,,,,,,,,,,,,,,,,,,,,,,,,,,,,,,,,,,,,,,,,,,,,,,,,,,,,,,,,,,,,,,,,,,,,
C04_RD14-0003-36_37_38_39-1;2;2;1-M1S30-0.75IP-Q2.6_003.20sec.fsa,D13S317,G,8,215.23,7,9,219.18,252,10,223.19,114,11,227.21,607,12,231.24,367,OL,242.02,5,OL,246.23,4,,,,,,,,,,,,,,,,,,,,,,,,,,,,,,,,,,,,,,,,,,,,,,,,,,,,,,,,,,,,,,,,,,,,,,,,,,,,,,,,,,,,,,,,,,,,,,,,,,,,,,,,,,,,,,,,,,,,,,,,,,,,,,,,,,,,,,,,,,,,,,,,,,,,,,,,,,,,,,,,,,,,,,,,,,,,,,,,,,,,,,,,,,,,,,,,,,,,,,,,,,,,,,,,,,,,,,,,,,,,,,,,,,,,,,,,,,,,,,,,,,,,,,,,,,,,,,,,,,,,,,,,,,,,,,,,,,,,,,,
C04_RD14-0003-36_37_38_39-1;2;2;1-M1S30-0.75IP-Q2.6_003.20sec.fsa,D16S539,G,OL,257.73,6,OL,261.23,4,9,267.25,280,10,271.22,33,11,275.19,458,12,279.25,310,13,283.21,234,OL,294.32,5,,,,,,,,,,,,,,,,,,,,,,,,,,,,,,,,,,,,,,,,,,,,,,,,,,,,,,,,,,,,,,,,,,,,,,,,,,,,,,,,,,,,,,,,,,,,,,,,,,,,,,,,,,,,,,,,,,,,,,,,,,,,,,,,,,,,,,,,,,,,,,,,,,,,,,,,,,,,,,,,,,,,,,,,,,,,,,,,,,,,,,,,,,,,,,,,,,,,,,,,,,,,,,,,,,,,,,,,,,,,,,,,,,,,,,,,,,,,,,,,,,,,,,,,,,,,,,,,,,,,,,,,,,,,,,,,,,,,
C04_RD14-0003-36_37_38_39-1;2;2;1-M1S30-0.75IP-Q2.6_003.20sec.fsa,D2S1338,G,15,304.7,19,16,308.73,190,OL,310.23,7,18,316.9,36,19,321.03,43,20,325.14,62,21,329.05,6,OL,331,6,OL,333.95,6,OL,336.23,7,OL,338.58,3,OL,348.37,3,27,352.82,7,OL,356.15,3,28,357.43,7,,,,,,,,,,,,,,,,,,,,,,,,,,,,,,,,,,,,,,,,,,,,,,,,,,,,,,,,,,,,,,,,,,,,,,,,,,,,,,,,,,,,,,,,,,,,,,,,,,,,,,,,,,,,,,,,,,,,,,,,,,,,,,,,,,,,,,,,,,,,,,,,,,,,,,,,,,,,,,,,,,,,,,,,,,,,,,,,,,,,,,,,,,,,,,,,,,,,,,,,,,,,,,,,,,,,,,,,,,,,,,,,,,,,,,,,,,,,,,,,,,,,,,,,,,,,,,,
C04_RD14-0003-36_37_38_39-1;2;2;1-M1S30-0.75IP-Q2.6_003.20sec.fsa,D19S433,Y,OL,98.3,8,9,100,11,9.2,101.95,50,OL,104.68,18,10.2,106.08,665,12,112.22,115,OL,114.99,5,13,116.2,1787,13.2,118.26,43,14,120.15,2719,14.2,122.2,592,OL,129.02,12,OL,136.94,8,,,,,,,,,,,,,,,,,,,,,,,,,,,,,,,,,,,,,,,,,,,,,,,,,,,,,,,,,,,,,,,,,,,,,,,,,,,,,,,,,,,,,,,,,,,,,,,,,,,,,,,,,,,,,,,,,,,,,,,,,,,,,,,,,,,,,,,,,,,,,,,,,,,,,,,,,,,,,,,,,,,,,,,,,,,,,,,,,,,,,,,,,,,,,,,,,,,,,,,,,,,,,,,,,,,,,,,,,,,,,,,,,,,,,,,,,,,,,,,,,,,,,,,,,,,,,,,,,,,,,
C04_RD14-0003-36_37_38_39-1;2;2;1-M1S30-0.75IP-Q2.6_003.20sec.fsa,vWA,Y,OL,156.65,6,13,160.08,15,14,164.01,21,15,168.18,481,16,172.19,586,17,176.22,237,18,180.25,835,19,184.42,224,OL,185.73,4,OL,189.67,8,OL,190.4,6,OL,192.04,8,23,200.16,10,OL,205.57,4,OL,207.76,8,,,,,,,,,,,,,,,,,,,,,,,,,,,,,,,,,,,,,,,,,,,,,,,,,,,,,,,,,,,,,,,,,,,,,,,,,,,,,,,,,,,,,,,,,,,,,,,,,,,,,,,,,,,,,,,,,,,,,,,,,,,,,,,,,,,,,,,,,,,,,,,,,,,,,,,,,,,,,,,,,,,,,,,,,,,,,,,,,,,,,,,,,,,,,,,,,,,,,,,,,,,,,,,,,,,,,,,,,,,,,,,,,,,,,,,,,,,,,,,,,,,,,,,,,,,,,,,
C04_RD14-0003-36_37_38_39-1;2;2;1-M1S30-0.75IP-Q2.6_003.20sec.fsa,TPOX,Y,OL,214.08,9,6,220.65,135,8,228.69,388,OL,235.36,7,10,236.77,118,11,240.76,66,OL,243.29,8,12,244.89,276,14,253.43,8,,,,,,,,,,,,,,,,,,,,,,,,,,,,,,,,,,,,,,,,,,,,,,,,,,,,,,,,,,,,,,,,,,,,,,,,,,,,,,,,,,,,,,,,,,,,,,,,,,,,,,,,,,,,,,,,,,,,,,,,,,,,,,,,,,,,,,,,,,,,,,,,,,,,,,,,,,,,,,,,,,,,,,,,,,,,,,,,,,,,,,,,,,,,,,,,,,,,,,,,,,,,,,,,,,,,,,,,,,,,,,,,,,,,,,,,,,,,,,,,,,,,,,,,,,,,,,,,,,,,,,,,,,,,,,,,,
C04_RD14-0003-36_37_38_39-1;2;2;1-M1S30-0.75IP-Q2.6_003.20sec.fsa,D18S51,Y,8,264.45,7,OL,266.59,5,OL,280.25,11,OL,290.05,5,15,293.17,80,17,301.13,32,17.2,302.83,5,OL,306.42,9,OL,318.49,5,OL,326.76,4,24,329.64,5,,,,,,,,,,,,,,,,,,,,,,,,,,,,,,,,,,,,,,,,,,,,,,,,,,,,,,,,,,,,,,,,,,,,,,,,,,,,,,,,,,,,,,,,,,,,,,,,,,,,,,,,,,,,,,,,,,,,,,,,,,,,,,,,,,,,,,,,,,,,,,,,,,,,,,,,,,,,,,,,,,,,,,,,,,,,,,,,,,,,,,,,,,,,,,,,,,,,,,,,,,,,,,,,,,,,,,,,,,,,,,,,,,,,,,,,,,,,,,,,,,,,,,,,,,,,,,,,,,,,,,,,,,,
C04_RD14-0003-36_37_38_39-1;2;2;1-M1S30-0.75IP-Q2.6_003.20sec.fsa,AMEL,R,X,104.91,3606,Y,110.82,3173,,,,,,,,,,,,,,,,,,,,,,,,,,,,,,,,,,,,,,,,,,,,,,,,,,,,,,,,,,,,,,,,,,,,,,,,,,,,,,,,,,,,,,,,,,,,,,,,,,,,,,,,,,,,,,,,,,,,,,,,,,,,,,,,,,,,,,,,,,,,,,,,,,,,,,,,,,,,,,,,,,,,,,,,,,,,,,,,,,,,,,,,,,,,,,,,,,,,,,,,,,,,,,,,,,,,,,,,,,,,,,,,,,,,,,,,,,,,,,,,,,,,,,,,,,,,,,,,,,,,,,,,,,,,,,,,,,,,,,,,,,,,,,,,,,,,,,
C04_RD14-0003-36_37_38_39-1;2;2;1-M1S30-0.75IP-Q2.6_003.20sec.fsa,D5S818,R,OL,137.25,8,9,140.56,17,10,144.74,344,11,148.86,1216,12,152.99,840,13,157.06,745,OL,170.51,14,OL,177.91,8,,,,,,,,,,,,,,,,,,,,,,,,,,,,,,,,,,,,,,,,,,,,,,,,,,,,,,,,,,,,,,,,,,,,,,,,,,,,,,,,,,,,,,,,,,,,,,,,,,,,,,,,,,,,,,,,,,,,,,,,,,,,,,,,,,,,,,,,,,,,,,,,,,,,,,,,,,,,,,,,,,,,,,,,,,,,,,,,,,,,,,,,,,,,,,,,,,,,,,,,,,,,,,,,,,,,,,,,,,,,,,,,,,,,,,,,,,,,,,,,,,,,,,,,,,,,,,,,,,,,,,,,,,,,,,,,,,,,
C04_RD14-0003-36_37_38_39-1;2;2;1-M1S30-0.75IP-Q2.6_003.20sec.fsa,FGA,R,OL,206.63,7,OL,212.13,9,17,213.03,13,17.2,214.82,10,OL,221.55,9,19.2,223.35,10,OL,226.39,7,21,229.18,23,21.2,230.99,12,22,233.14,364,22.2,235.2,102,23,237.18,70,24,241.35,50,25,245.56,56,OL,254.73,5,30.2,267.33,6,31.2,271.47,5,OL,282.06,8,OL,288.07,4,OL,296.05,5,45.2,328.37,6,OL,329.81,5,47.2,336.65,5,OL,346.75,7,,,,,,,,,,,,,,,,,,,,,,,,,,,,,,,,,,,,,,,,,,,,,,,,,,,,,,,,,,,,,,,,,,,,,,,,,,,,,,,,,,,,,,,,,,,,,,,,,,,,,,,,,,,,,,,,,,,,,,,,,,,,,,,,,,,,,,,,,,,,,,,,,,,,,,,,,,,,,,,,,,,,,,,,,,,,,,,,,,,,,,,,,,,,,,,,,,,,,,,,,,,,,,,,,,,,,,,,,,,,,,,,,,,,
D04_RD14-0003-36_37_38_39-1;2;2;1-M1S30-0.378IP-Q2.6_004.20sec.fsa,D8S1179,B,OL,113.77,5,OL,116.7,2,OL,123.1,4,OL,123.93,4,9,125.68,25,OL,128.36,5,10,129.74,544,11,133.68,42,12,137.8,679,13,142.08,1664,14,146.09,36,15,150.35,601,OL,156.42,3,OL,159.19,3,18,162.48,4,OL,169.35,2,,,,,,,,,,,,,,,,,,,,,,,,,,,,,,,,,,,,,,,,,,,,,,,,,,,,,,,,,,,,,,,,,,,,,,,,,,,,,,,,,,,,,,,,,,,,,,,,,,,,,,,,,,,,,,,,,,,,,,,,,,,,,,,,,,,,,,,,,,,,,,,,,,,,,,,,,,,,,,,,,,,,,,,,,,,,,,,,,,,,,,,,,,,,,,,,,,,,,,,,,,,,,,,,,,,,,,,,,,,,,,,,,,,,,,,,,,,,,,,,,,,,,,,,,,,,
D04_RD14-0003-36_37_38_39-1;2;2;1-M1S30-0.378IP-Q2.6_004.20sec.fsa,D21S11,B,26.2,192.19,5,27,194.55,21,28,198.7,370,OL,201.44,2,29,202.72,167,30,206.74,340,30.2,208.75,9,31.2,212.71,194,OL,226.09,3,35.2,228.7,3,OL,235.49,5,38,238.69,5,,,,,,,,,,,,,,,,,,,,,,,,,,,,,,,,,,,,,,,,,,,,,,,,,,,,,,,,,,,,,,,,,,,,,,,,,,,,,,,,,,,,,,,,,,,,,,,,,,,,,,,,,,,,,,,,,,,,,,,,,,,,,,,,,,,,,,,,,,,,,,,,,,,,,,,,,,,,,,,,,,,,,,,,,,,,,,,,,,,,,,,,,,,,,,,,,,,,,,,,,,,,,,,,,,,,,,,,,,,,,,,,,,,,,,,,,,,,,,,,,,,,,,,,,,,,,,,,,,,,,,,,
D04_RD14-0003-36_37_38_39-1;2;2;1-M1S30-0.378IP-Q2.6_004.20sec.fsa,D7S820,B,OL,249.08,4,8,262.04,206,9,266.06,124,11,274.12,86,OL,283.28,3,,,,,,,,,,,,,,,,,,,,,,,,,,,,,,,,,,,,,,,,,,,,,,,,,,,,,,,,,,,,,,,,,,,,,,,,,,,,,,,,,,,,,,,,,,,,,,,,,,,,,,,,,,,,,,,,,,,,,,,,,,,,,,,,,,,,,,,,,,,,,,,,,,,,,,,,,,,,,,,,,,,,,,,,,,,,,,,,,,,,,,,,,,,,,,,,,,,,,,,,,,,,,,,,,,,,,,,,,,,,,,,,,,,,,,,,,,,,,,,,,,,,,,,,,,,,,,,,,,,,,,,,,,,,,,,,,,,,,,,,,,,,,
D04_RD14-0003-36_37_38_39-1;2;2;1-M1S30-0.378IP-Q2.6_004.20sec.fsa,CSF1PO,B,OL,311.57,3,9,314.09,5,OL,315.41,2,10,318.67,44,11,322.81,10,12,326.88,195,OL,336.52,6,16,343.15,2,,,,,,,,,,,,,,,,,,,,,,,,,,,,,,,,,,,,,,,,,,,,,,,,,,,,,,,,,,,,,,,,,,,,,,,,,,,,,,,,,,,,,,,,,,,,,,,,,,,,,,,,,,,,,,,,,,,,,,,,,,,,,,,,,,,,,,,,,,,,,,,,,,,,,,,,,,,,,,,,,,,,,,,,,,,,,,,,,,,,,,,,,,,,,,,,,,,,,,,,,,,,,,,,,,,,,,,,,,,,,,,,,,,,,,,,,,,,,,,,,,,,,,,,,,,,,,,,,,,,,,,,,,,,,,,,,,,,
D04_RD14-0003-36_37_38_39-1;2;2;1-M1S30-0.378IP-Q2.6_004.20sec.fsa,D3S1358,G,OL,100.63,5,13,114.45,34,OL,116.48,10,14,118.35,861,15,122.19,1386,16,126.37,618,17,130.43,1486,18.2,136.48,3,,,,,,,,,,,,,,,,,,,,,,,,,,,,,,,,,,,,,,,,,,,,,,,,,,,,,,,,,,,,,,,,,,,,,,,,,,,,,,,,,,,,,,,,,,,,,,,,,,,,,,,,,,,,,,,,,,,,,,,,,,,,,,,,,,,,,,,,,,,,,,,,,,,,,,,,,,,,,,,,,,,,,,,,,,,,,,,,,,,,,,,,,,,,,,,,,,,,,,,,,,,,,,,,,,,,,,,,,,,,,,,,,,,,,,,,,,,,,,,,,,,,,,,,,,,,,,,,,,,,,,,,,,,,,,,,,,,,
D04_RD14-0003-36_37_38_39-1;2;2;1-M1S30-0.378IP-Q2.6_004.20sec.fsa,TH01,G,5,164.47,21,6,168.63,859,7,172.71,969,8,176.71,299,8.3,179.68,10,9.3,183.9,289,OL,190.32,7,OL,193.98,4,OL,198.78,7,,,,,,,,,,,,,,,,,,,,,,,,,,,,,,,,,,,,,,,,,,,,,,,,,,,,,,,,,,,,,,,,,,,,,,,,,,,,,,,,,,,,,,,,,,,,,,,,,,,,,,,,,,,,,,,,,,,,,,,,,,,,,,,,,,,,,,,,,,,,,,,,,,,,,,,,,,,,,,,,,,,,,,,,,,,,,,,,,,,,,,,,,,,,,,,,,,,,,,,,,,,,,,,,,,,,,,,,,,,,,,,,,,,,,,,,,,,,,,,,,,,,,,,,,,,,,,,,,,,,,,,,,,,,,,,,,
D04_RD14-0003-36_37_38_39-1;2;2;1-M1S30-0.378IP-Q2.6_004.20sec.fsa,D13S317,G,OL,207.06,4,8,215.15,10,9,219.18,300,10,223.25,278,11,227.23,447,12,231.23,357,OL,235.9,2,OL,244.14,3,16,247.49,7,,,,,,,,,,,,,,,,,,,,,,,,,,,,,,,,,,,,,,,,,,,,,,,,,,,,,,,,,,,,,,,,,,,,,,,,,,,,,,,,,,,,,,,,,,,,,,,,,,,,,,,,,,,,,,,,,,,,,,,,,,,,,,,,,,,,,,,,,,,,,,,,,,,,,,,,,,,,,,,,,,,,,,,,,,,,,,,,,,,,,,,,,,,,,,,,,,,,,,,,,,,,,,,,,,,,,,,,,,,,,,,,,,,,,,,,,,,,,,,,,,,,,,,,,,,,,,,,,,,,,,,,,,,,,,,,,
D04_RD14-0003-36_37_38_39-1;2;2;1-M1S30-0.378IP-Q2.6_004.20sec.fsa,D16S539,G,OL,261.31,9,8,262.94,5,9,267.2,94,OL,270.66,3,OL,272.06,3,OL,276.77,3,OL,277.68,2,12,279.25,63,13,283.2,214,OL,285.25,3,OL,291.65,3,OL,294.1,3,,,,,,,,,,,,,,,,,,,,,,,,,,,,,,,,,,,,,,,,,,,,,,,,,,,,,,,,,,,,,,,,,,,,,,,,,,,,,,,,,,,,,,,,,,,,,,,,,,,,,,,,,,,,,,,,,,,,,,,,,,,,,,,,,,,,,,,,,,,,,,,,,,,,,,,,,,,,,,,,,,,,,,,,,,,,,,,,,,,,,,,,,,,,,,,,,,,,,,,,,,,,,,,,,,,,,,,,,,,,,,,,,,,,,,,,,,,,,,,,,,,,,,,,,,,,,,,,,,,,,,,,
D04_RD14-0003-36_37_38_39-1;2;2;1-M1S30-0.378IP-Q2.6_004.20sec.fsa,D2S1338,G,16,308.76,86,OL,311.99,3,17,312.99,5,18,316.82,39,20,325.19,29,22,332.93,4,OL,336.35,3,OL,340.6,3,OL,342.64,3,OL,346.13,6,OL,347.91,4,OL,352.6,5,OL,360.75,11,,,,,,,,,,,,,,,,,,,,,,,,,,,,,,,,,,,,,,,,,,,,,,,,,,,,,,,,,,,,,,,,,,,,,,,,,,,,,,,,,,,,,,,,,,,,,,,,,,,,,,,,,,,,,,,,,,,,,,,,,,,,,,,,,,,,,,,,,,,,,,,,,,,,,,,,,,,,,,,,,,,,,,,,,,,,,,,,,,,,,,,,,,,,,,,,,,,,,,,,,,,,,,,,,,,,,,,,,,,,,,,,,,,,,,,,,,,,,,,,,,,,,,,,,,,,,,,,,,,,,
D04_RD14-0003-36_37_38_39-1;2;2;1-M1S30-0.378IP-Q2.6_004.20sec.fsa,D19S433,Y,OL,95.16,10,9,100.16,9,10,104.38,9,10.2,106.09,276,12,112.22,43,13,116.25,697,13.2,118.28,35,14,120.23,1287,14.2,122.19,369,,,,,,,,,,,,,,,,,,,,,,,,,,,,,,,,,,,,,,,,,,,,,,,,,,,,,,,,,,,,,,,,,,,,,,,,,,,,,,,,,,,,,,,,,,,,,,,,,,,,,,,,,,,,,,,,,,,,,,,,,,,,,,,,,,,,,,,,,,,,,,,,,,,,,,,,,,,,,,,,,,,,,,,,,,,,,,,,,,,,,,,,,,,,,,,,,,,,,,,,,,,,,,,,,,,,,,,,,,,,,,,,,,,,,,,,,,,,,,,,,,,,,,,,,,,,,,,,,,,,,,,,,,,,,,,,,
D04_RD14-0003-36_37_38_39-1;2;2;1-M1S30-0.378IP-Q2.6_004.20sec.fsa,vWA,Y,OL,151,9,OL,152.86,13,OL,154.07,7,OL,155.29,8,14,164.15,13,OL,165.67,12,OL,167.03,11,15,168.23,208,16,172.23,472,17,176.23,337,18,180.32,422,19,184.47,66,OL,191.05,9,25,208.91,5,,,,,,,,,,,,,,,,,,,,,,,,,,,,,,,,,,,,,,,,,,,,,,,,,,,,,,,,,,,,,,,,,,,,,,,,,,,,,,,,,,,,,,,,,,,,,,,,,,,,,,,,,,,,,,,,,,,,,,,,,,,,,,,,,,,,,,,,,,,,,,,,,,,,,,,,,,,,,,,,,,,,,,,,,,,,,,,,,,,,,,,,,,,,,,,,,,,,,,,,,,,,,,,,,,,,,,,,,,,,,,,,,,,,,,,,,,,,,,,,,,,,,,,,,,,,,,,,,,
D04_RD14-0003-36_37_38_39-1;2;2;1-M1S30-0.378IP-Q2.6_004.20sec.fsa,TPOX,Y,OL,213.11,4,OL,217.86,4,OL,218.76,9,6,220.65,44,8,228.7,320,9,232.62,10,10,236.72,290,12,244.81,57,,,,,,,,,,,,,,,,,,,,,,,,,,,,,,,,,,,,,,,,,,,,,,,,,,,,,,,,,,,,,,,,,,,,,,,,,,,,,,,,,,,,,,,,,,,,,,,,,,,,,,,,,,,,,,,,,,,,,,,,,,,,,,,,,,,,,,,,,,,,,,,,,,,,,,,,,,,,,,,,,,,,,,,,,,,,,,,,,,,,,,,,,,,,,,,,,,,,,,,,,,,,,,,,,,,,,,,,,,,,,,,,,,,,,,,,,,,,,,,,,,,,,,,,,,,,,,,,,,,,,,,,,,,,,,,,,,,,
D04_RD14-0003-36_37_38_39-1;2;2;1-M1S30-0.378IP-Q2.6_004.20sec.fsa,D18S51,Y,OL,288.2,6,15,293.04,70,17.2,303.53,5,19,308.84,8,20,313.16,22,22,321.45,8,22.2,323.83,7,OL,333.26,4,OL,334.77,4,,,,,,,,,,,,,,,,,,,,,,,,,,,,,,,,,,,,,,,,,,,,,,,,,,,,,,,,,,,,,,,,,,,,,,,,,,,,,,,,,,,,,,,,,,,,,,,,,,,,,,,,,,,,,,,,,,,,,,,,,,,,,,,,,,,,,,,,,,,,,,,,,,,,,,,,,,,,,,,,,,,,,,,,,,,,,,,,,,,,,,,,,,,,,,,,,,,,,,,,,,,,,,,,,,,,,,,,,,,,,,,,,,,,,,,,,,,,,,,,,,,,,,,,,,,,,,,,,,,,,,,,,,,,,,,,,
D04_RD14-0003-36_37_38_39-1;2;2;1-M1S30-0.378IP-Q2.6_004.20sec.fsa,AMEL,R,X,104.93,2149,Y,110.83,1916,,,,,,,,,,,,,,,,,,,,,,,,,,,,,,,,,,,,,,,,,,,,,,,,,,,,,,,,,,,,,,,,,,,,,,,,,,,,,,,,,,,,,,,,,,,,,,,,,,,,,,,,,,,,,,,,,,,,,,,,,,,,,,,,,,,,,,,,,,,,,,,,,,,,,,,,,,,,,,,,,,,,,,,,,,,,,,,,,,,,,,,,,,,,,,,,,,,,,,,,,,,,,,,,,,,,,,,,,,,,,,,,,,,,,,,,,,,,,,,,,,,,,,,,,,,,,,,,,,,,,,,,,,,,,,,,,,,,,,,,,,,,,,,,,,,,,,
D04_RD14-0003-36_37_38_39-1;2;2;1-M1S30-0.378IP-Q2.6_004.20sec.fsa,D5S818,R,9,140.64,17,10,144.72,288,11,148.9,760,12,153.02,501,13,157.07,267,OL,162.8,6,,,,,,,,,,,,,,,,,,,,,,,,,,,,,,,,,,,,,,,,,,,,,,,,,,,,,,,,,,,,,,,,,,,,,,,,,,,,,,,,,,,,,,,,,,,,,,,,,,,,,,,,,,,,,,,,,,,,,,,,,,,,,,,,,,,,,,,,,,,,,,,,,,,,,,,,,,,,,,,,,,,,,,,,,,,,,,,,,,,,,,,,,,,,,,,,,,,,,,,,,,,,,,,,,,,,,,,,,,,,,,,,,,,,,,,,,,,,,,,,,,,,,,,,,,,,,,,,,,,,,,,,,,,,,,,,,,,,,,,,,,
D04_RD14-0003-36_37_38_39-1;2;2;1-M1S30-0.378IP-Q2.6_004.20sec.fsa,FGA,R,OL,211.41,4,OL,218.19,9,21,229.03,14,22,233.19,345,23,237.29,52,24,241.35,33,25.2,247.99,10,OL,251.21,7,28,257.61,9,OL,262.21,8,30,265.89,8,34.2,283.69,7,OL,290.01,5,OL,303.13,7,OL,314.79,8,OL,331.25,10,51.2,352.51,8,,,,,,,,,,,,,,,,,,,,,,,,,,,,,,,,,,,,,,,,,,,,,,,,,,,,,,,,,,,,,,,,,,,,,,,,,,,,,,,,,,,,,,,,,,,,,,,,,,,,,,,,,,,,,,,,,,,,,,,,,,,,,,,,,,,,,,,,,,,,,,,,,,,,,,,,,,,,,,,,,,,,,,,,,,,,,,,,,,,,,,,,,,,,,,,,,,,,,,,,,,,,,,,,,,,,,,,,,,,,,,,,,,,,,,,,,,,,,,,,,,,,,,,,,
D05_RD14-0003-44_45_46_47-1;1;4;1-M1S30-0.75IP-Q2.9_004.20sec.fsa,D8S1179,B,OL,116.89,4,7,118.15,8,OL,120.15,6,OL,123.5,10,9,125.67,25,OL,128.53,8,10,129.67,648,11,133.7,1928,OL,136.53,1,12,137.84,79,13,141.97,1214,14,146.09,2251,15,150.31,401,OL,156.78,5,OL,161.58,4,OL,172.09,3,,,,,,,,,,,,,,,,,,,,,,,,,,,,,,,,,,,,,,,,,,,,,,,,,,,,,,,,,,,,,,,,,,,,,,,,,,,,,,,,,,,,,,,,,,,,,,,,,,,,,,,,,,,,,,,,,,,,,,,,,,,,,,,,,,,,,,,,,,,,,,,,,,,,,,,,,,,,,,,,,,,,,,,,,,,,,,,,,,,,,,,,,,,,,,,,,,,,,,,,,,,,,,,,,,,,,,,,,,,,,,,,,,,,,,,,,,,,,,,,,,,,,,,,,,,,
D05_RD14-0003-44_45_46_47-1;1;4;1-M1S30-0.75IP-Q2.9_004.20sec.fsa,D21S11,B,26,190.52,9,27,194.62,101,27.2,196.39,4,28,198.64,177,29,202.67,22,30,206.69,240,30.2,208.67,7,31,210.65,897,31.2,212.64,19,32,214.74,202,32.2,216.71,182,,,,,,,,,,,,,,,,,,,,,,,,,,,,,,,,,,,,,,,,,,,,,,,,,,,,,,,,,,,,,,,,,,,,,,,,,,,,,,,,,,,,,,,,,,,,,,,,,,,,,,,,,,,,,,,,,,,,,,,,,,,,,,,,,,,,,,,,,,,,,,,,,,,,,,,,,,,,,,,,,,,,,,,,,,,,,,,,,,,,,,,,,,,,,,,,,,,,,,,,,,,,,,,,,,,,,,,,,,,,,,,,,,,,,,,,,,,,,,,,,,,,,,,,,,,,,,,,,,,,,,,,,,,
D05_RD14-0003-44_45_46_47-1;1;4;1-M1S30-0.75IP-Q2.9_004.20sec.fsa,D7S820,B,OL,249.59,4,6,254.01,2,OL,256.01,6,8,262.1,184,9,266.07,177,OL,268.84,3,10,270.14,25,OL,271.76,2,12,278.12,101,OL,279.67,2,OL,285.53,2,OL,293.17,4,,,,,,,,,,,,,,,,,,,,,,,,,,,,,,,,,,,,,,,,,,,,,,,,,,,,,,,,,,,,,,,,,,,,,,,,,,,,,,,,,,,,,,,,,,,,,,,,,,,,,,,,,,,,,,,,,,,,,,,,,,,,,,,,,,,,,,,,,,,,,,,,,,,,,,,,,,,,,,,,,,,,,,,,,,,,,,,,,,,,,,,,,,,,,,,,,,,,,,,,,,,,,,,,,,,,,,,,,,,,,,,,,,,,,,,,,,,,,,,,,,,,,,,,,,,,,,,,,,,,,,,,
D05_RD14-0003-44_45_46_47-1;1;4;1-M1S30-0.75IP-Q2.9_004.20sec.fsa,CSF1PO,B,OL,307.81,6,OL,312.5,5,9,314.43,5,10,318.69,79,11,322.79,125,12,326.92,141,OL,336.85,3,OL,342.02,4,,,,,,,,,,,,,,,,,,,,,,,,,,,,,,,,,,,,,,,,,,,,,,,,,,,,,,,,,,,,,,,,,,,,,,,,,,,,,,,,,,,,,,,,,,,,,,,,,,,,,,,,,,,,,,,,,,,,,,,,,,,,,,,,,,,,,,,,,,,,,,,,,,,,,,,,,,,,,,,,,,,,,,,,,,,,,,,,,,,,,,,,,,,,,,,,,,,,,,,,,,,,,,,,,,,,,,,,,,,,,,,,,,,,,,,,,,,,,,,,,,,,,,,,,,,,,,,,,,,,,,,,,,,,,,,,,,,,
D05_RD14-0003-44_45_46_47-1;1;4;1-M1S30-0.75IP-Q2.9_004.20sec.fsa,D3S1358,G,12,110.27,20,13,114.45,218,14,118.45,3980,15,122.3,3294,16,126.5,871,17,130.2,370,OL,135.92,3,20,142.92,5,,,,,,,,,,,,,,,,,,,,,,,,,,,,,,,,,,,,,,,,,,,,,,,,,,,,,,,,,,,,,,,,,,,,,,,,,,,,,,,,,,,,,,,,,,,,,,,,,,,,,,,,,,,,,,,,,,,,,,,,,,,,,,,,,,,,,,,,,,,,,,,,,,,,,,,,,,,,,,,,,,,,,,,,,,,,,,,,,,,,,,,,,,,,,,,,,,,,,,,,,,,,,,,,,,,,,,,,,,,,,,,,,,,,,,,,,,,,,,,,,,,,,,,,,,,,,,,,,,,,,,,,,,,,,,,,,,,,
D05_RD14-0003-44_45_46_47-1;1;4;1-M1S30-0.75IP-Q2.9_004.20sec.fsa,TH01,G,5,164.58,10,6,168.61,800,7,172.64,1918,8,176.75,39,8.3,179.52,7,9,180.72,1656,9.3,183.86,366,OL,198.47,7,OL,199.04,5,,,,,,,,,,,,,,,,,,,,,,,,,,,,,,,,,,,,,,,,,,,,,,,,,,,,,,,,,,,,,,,,,,,,,,,,,,,,,,,,,,,,,,,,,,,,,,,,,,,,,,,,,,,,,,,,,,,,,,,,,,,,,,,,,,,,,,,,,,,,,,,,,,,,,,,,,,,,,,,,,,,,,,,,,,,,,,,,,,,,,,,,,,,,,,,,,,,,,,,,,,,,,,,,,,,,,,,,,,,,,,,,,,,,,,,,,,,,,,,,,,,,,,,,,,,,,,,,,,,,,,,,,,,,,,,,,
D05_RD14-0003-44_45_46_47-1;1;4;1-M1S30-0.75IP-Q2.9_004.20sec.fsa,D13S317,G,7,211.13,16,8,215.07,588,10,223.22,5,OL,224.43,4,11,227.25,103,12,231.29,1270,13,235.32,52,OL,242.49,7,OL,245.3,7,,,,,,,,,,,,,,,,,,,,,,,,,,,,,,,,,,,,,,,,,,,,,,,,,,,,,,,,,,,,,,,,,,,,,,,,,,,,,,,,,,,,,,,,,,,,,,,,,,,,,,,,,,,,,,,,,,,,,,,,,,,,,,,,,,,,,,,,,,,,,,,,,,,,,,,,,,,,,,,,,,,,,,,,,,,,,,,,,,,,,,,,,,,,,,,,,,,,,,,,,,,,,,,,,,,,,,,,,,,,,,,,,,,,,,,,,,,,,,,,,,,,,,,,,,,,,,,,,,,,,,,,,,,,,,,,,
D05_RD14-0003-44_45_46_47-1;1;4;1-M1S30-0.75IP-Q2.9_004.20sec.fsa,D16S539,G,OL,254.89,7,OL,256.81,4,OL,261.29,6,OL,265.18,6,10,271.27,163,11,275.18,278,12,279.18,627,13,283.33,7,14,287.48,3,,,,,,,,,,,,,,,,,,,,,,,,,,,,,,,,,,,,,,,,,,,,,,,,,,,,,,,,,,,,,,,,,,,,,,,,,,,,,,,,,,,,,,,,,,,,,,,,,,,,,,,,,,,,,,,,,,,,,,,,,,,,,,,,,,,,,,,,,,,,,,,,,,,,,,,,,,,,,,,,,,,,,,,,,,,,,,,,,,,,,,,,,,,,,,,,,,,,,,,,,,,,,,,,,,,,,,,,,,,,,,,,,,,,,,,,,,,,,,,,,,,,,,,,,,,,,,,,,,,,,,,,,,,,,,,,,
D05_RD14-0003-44_45_46_47-1;1;4;1-M1S30-0.75IP-Q2.9_004.20sec.fsa,D2S1338,G,16,308.96,12,OL,322.45,4,OL,342.28,7,25,345.23,84,26,348.94,3,27,353.24,4,OL,360.84,7,OL,365.19,3,,,,,,,,,,,,,,,,,,,,,,,,,,,,,,,,,,,,,,,,,,,,,,,,,,,,,,,,,,,,,,,,,,,,,,,,,,,,,,,,,,,,,,,,,,,,,,,,,,,,,,,,,,,,,,,,,,,,,,,,,,,,,,,,,,,,,,,,,,,,,,,,,,,,,,,,,,,,,,,,,,,,,,,,,,,,,,,,,,,,,,,,,,,,,,,,,,,,,,,,,,,,,,,,,,,,,,,,,,,,,,,,,,,,,,,,,,,,,,,,,,,,,,,,,,,,,,,,,,,,,,,,,,,,,,,,,,,,
D05_RD14-0003-44_45_46_47-1;1;4;1-M1S30-0.75IP-Q2.9_004.20sec.fsa,D19S433,Y,OL,95.6,7,9,99.85,79,OL,102.54,16,10,104,2222,11,108.14,429,12,112.25,178,13,116.23,2633,13.2,118.23,50,14,120.15,404,14.2,122.16,434,15,124.1,697,,,,,,,,,,,,,,,,,,,,,,,,,,,,,,,,,,,,,,,,,,,,,,,,,,,,,,,,,,,,,,,,,,,,,,,,,,,,,,,,,,,,,,,,,,,,,,,,,,,,,,,,,,,,,,,,,,,,,,,,,,,,,,,,,,,,,,,,,,,,,,,,,,,,,,,,,,,,,,,,,,,,,,,,,,,,,,,,,,,,,,,,,,,,,,,,,,,,,,,,,,,,,,,,,,,,,,,,,,,,,,,,,,,,,,,,,,,,,,,,,,,,,,,,,,,,,,,,,,,,,,,,,,,
D05_RD14-0003-44_45_46_47-1;1;4;1-M1S30-0.75IP-Q2.9_004.20sec.fsa,vWA,Y,OL,148.63,22,OL,152.7,6,OL,154.78,5,13,160,314,14,164.1,10,OL,165.76,7,15,168.13,117,16,172.24,2001,18,180.32,85,19,184.5,74,20,188.52,614,22,196.71,7,23,200.94,5,24,205.03,6,OL,207.87,10,25,208.98,8,,,,,,,,,,,,,,,,,,,,,,,,,,,,,,,,,,,,,,,,,,,,,,,,,,,,,,,,,,,,,,,,,,,,,,,,,,,,,,,,,,,,,,,,,,,,,,,,,,,,,,,,,,,,,,,,,,,,,,,,,,,,,,,,,,,,,,,,,,,,,,,,,,,,,,,,,,,,,,,,,,,,,,,,,,,,,,,,,,,,,,,,,,,,,,,,,,,,,,,,,,,,,,,,,,,,,,,,,,,,,,,,,,,,,,,,,,,,,,,,,,,,,,,,,,,,
D05_RD14-0003-44_45_46_47-1;1;4;1-M1S30-0.75IP-Q2.9_004.20sec.fsa,TPOX,Y,OL,218.52,6,8,228.71,639,11,240.75,280,OL,251.69,6,,,,,,,,,,,,,,,,,,,,,,,,,,,,,,,,,,,,,,,,,,,,,,,,,,,,,,,,,,,,,,,,,,,,,,,,,,,,,,,,,,,,,,,,,,,,,,,,,,,,,,,,,,,,,,,,,,,,,,,,,,,,,,,,,,,,,,,,,,,,,,,,,,,,,,,,,,,,,,,,,,,,,,,,,,,,,,,,,,,,,,,,,,,,,,,,,,,,,,,,,,,,,,,,,,,,,,,,,,,,,,,,,,,,,,,,,,,,,,,,,,,,,,,,,,,,,,,,,,,,,,,,,,,,,,,,,,,,,,,,,,,,,,,,
D05_RD14-0003-44_45_46_47-1;1;4;1-M1S30-0.75IP-Q2.9_004.20sec.fsa,D18S51,Y,OL,262.27,14,OL,271.52,8,11,277.22,10,12,281.06,112,13,285.12,175,14,289.1,68,16.2,298.78,7,18,305.05,63,OL,312.25,4,21.2,318.86,7,OL,324.56,6,OL,336.94,5,,,,,,,,,,,,,,,,,,,,,,,,,,,,,,,,,,,,,,,,,,,,,,,,,,,,,,,,,,,,,,,,,,,,,,,,,,,,,,,,,,,,,,,,,,,,,,,,,,,,,,,,,,,,,,,,,,,,,,,,,,,,,,,,,,,,,,,,,,,,,,,,,,,,,,,,,,,,,,,,,,,,,,,,,,,,,,,,,,,,,,,,,,,,,,,,,,,,,,,,,,,,,,,,,,,,,,,,,,,,,,,,,,,,,,,,,,,,,,,,,,,,,,,,,,,,,,,,,,,,,,,,
D05_RD14-0003-44_45_46_47-1;1;4;1-M1S30-0.75IP-Q2.9_004.20sec.fsa,AMEL,R,X,105,3976,Y,110.88,3976,,,,,,,,,,,,,,,,,,,,,,,,,,,,,,,,,,,,,,,,,,,,,,,,,,,,,,,,,,,,,,,,,,,,,,,,,,,,,,,,,,,,,,,,,,,,,,,,,,,,,,,,,,,,,,,,,,,,,,,,,,,,,,,,,,,,,,,,,,,,,,,,,,,,,,,,,,,,,,,,,,,,,,,,,,,,,,,,,,,,,,,,,,,,,,,,,,,,,,,,,,,,,,,,,,,,,,,,,,,,,,,,,,,,,,,,,,,,,,,,,,,,,,,,,,,,,,,,,,,,,,,,,,,,,,,,,,,,,,,,,,,,,,,,,,,,,,
D05_RD14-0003-44_45_46_47-1;1;4;1-M1S30-0.75IP-Q2.9_004.20sec.fsa,D5S818,R,7,132.86,8,OL,138.99,10,10,144.74,151,11,148.87,2660,12,152.94,624,13,157.11,176,OL,164.74,6,OL,167.58,10,16,169.32,16,OL,170.11,15,OL,171.29,14,,,,,,,,,,,,,,,,,,,,,,,,,,,,,,,,,,,,,,,,,,,,,,,,,,,,,,,,,,,,,,,,,,,,,,,,,,,,,,,,,,,,,,,,,,,,,,,,,,,,,,,,,,,,,,,,,,,,,,,,,,,,,,,,,,,,,,,,,,,,,,,,,,,,,,,,,,,,,,,,,,,,,,,,,,,,,,,,,,,,,,,,,,,,,,,,,,,,,,,,,,,,,,,,,,,,,,,,,,,,,,,,,,,,,,,,,,,,,,,,,,,,,,,,,,,,,,,,,,,,,,,,,,,
D05_RD14-0003-44_45_46_47-1;1;4;1-M1S30-0.75IP-Q2.9_004.20sec.fsa,FGA,R,OL,209.3,4,17,212.96,16,21,229.19,151,22,233.06,22,23,237.34,98,23.2,238.87,6,24,241.41,188,25,245.55,480,26,249.67,175,OL,258.65,12,OL,262.99,6,29.2,263.48,6,32,273.23,9,OL,284.96,9,OL,288.86,6,OL,313.83,9,OL,321.61,13,OL,331.03,8,46.2,332.78,8,OL,337.93,7,OL,353.92,7,,,,,,,,,,,,,,,,,,,,,,,,,,,,,,,,,,,,,,,,,,,,,,,,,,,,,,,,,,,,,,,,,,,,,,,,,,,,,,,,,,,,,,,,,,,,,,,,,,,,,,,,,,,,,,,,,,,,,,,,,,,,,,,,,,,,,,,,,,,,,,,,,,,,,,,,,,,,,,,,,,,,,,,,,,,,,,,,,,,,,,,,,,,,,,,,,,,,,,,,,,,,,,,,,,,,,,,,,,,,,,,,,,,,,,,,,,,,,
E04_RD14-0003-36_37_38_39-1;2;2;1-M2S30-0.186IP-Q2.9_001.20sec.fsa,D8S1179,B,OL,113.02,2,OL,115.54,19,OL,120,4,OL,122.79,12,OL,127.84,3,10,129.7,196,11,133.61,12,12,137.79,184,13,142.03,636,14,146.18,24,OL,147.28,20,15,150.35,300,17,158.17,6,OL,160.23,4,OL,168.55,5,,,,,,,,,,,,,,,,,,,,,,,,,,,,,,,,,,,,,,,,,,,,,,,,,,,,,,,,,,,,,,,,,,,,,,,,,,,,,,,,,,,,,,,,,,,,,,,,,,,,,,,,,,,,,,,,,,,,,,,,,,,,,,,,,,,,,,,,,,,,,,,,,,,,,,,,,,,,,,,,,,,,,,,,,,,,,,,,,,,,,,,,,,,,,,,,,,,,,,,,,,,,,,,,,,,,,,,,,,,,,,,,,,,,,,,,,,,,,,,,,,,,,,,,,,,,,,,
E04_RD14-0003-36_37_38_39-1;2;2;1-M2S30-0.186IP-Q2.9_001.20sec.fsa,D21S11,B,25,185.95,3,OL,187.77,6,OL,189.12,3,27,194.68,8,28,198.65,113,29,202.65,110,30,206.63,28,30.2,208.51,5,31.2,212.66,108,OL,214.16,2,33.2,220.71,8,,,,,,,,,,,,,,,,,,,,,,,,,,,,,,,,,,,,,,,,,,,,,,,,,,,,,,,,,,,,,,,,,,,,,,,,,,,,,,,,,,,,,,,,,,,,,,,,,,,,,,,,,,,,,,,,,,,,,,,,,,,,,,,,,,,,,,,,,,,,,,,,,,,,,,,,,,,,,,,,,,,,,,,,,,,,,,,,,,,,,,,,,,,,,,,,,,,,,,,,,,,,,,,,,,,,,,,,,,,,,,,,,,,,,,,,,,,,,,,,,,,,,,,,,,,,,,,,,,,,,,,,,,,
E04_RD14-0003-36_37_38_39-1;2;2;1-M2S30-0.186IP-Q2.9_001.20sec.fsa,D7S820,B,OL,256.66,2,OL,259.84,4,8,262.07,58,12,278.15,30,OL,284.7,2,,,,,,,,,,,,,,,,,,,,,,,,,,,,,,,,,,,,,,,,,,,,,,,,,,,,,,,,,,,,,,,,,,,,,,,,,,,,,,,,,,,,,,,,,,,,,,,,,,,,,,,,,,,,,,,,,,,,,,,,,,,,,,,,,,,,,,,,,,,,,,,,,,,,,,,,,,,,,,,,,,,,,,,,,,,,,,,,,,,,,,,,,,,,,,,,,,,,,,,,,,,,,,,,,,,,,,,,,,,,,,,,,,,,,,,,,,,,,,,,,,,,,,,,,,,,,,,,,,,,,,,,,,,,,,,,,,,,,,,,,,,,,
E04_RD14-0003-36_37_38_39-1;2;2;1-M2S30-0.186IP-Q2.9_001.20sec.fsa,CSF1PO,B,8,310.82,3,OL,312.12,3,10,318.97,6,11,322.82,77,15,338.71,5,OL,339.92,5,,,,,,,,,,,,,,,,,,,,,,,,,,,,,,,,,,,,,,,,,,,,,,,,,,,,,,,,,,,,,,,,,,,,,,,,,,,,,,,,,,,,,,,,,,,,,,,,,,,,,,,,,,,,,,,,,,,,,,,,,,,,,,,,,,,,,,,,,,,,,,,,,,,,,,,,,,,,,,,,,,,,,,,,,,,,,,,,,,,,,,,,,,,,,,,,,,,,,,,,,,,,,,,,,,,,,,,,,,,,,,,,,,,,,,,,,,,,,,,,,,,,,,,,,,,,,,,,,,,,,,,,,,,,,,,,,,,,,,,,,,
E04_RD14-0003-36_37_38_39-1;2;2;1-M2S30-0.186IP-Q2.9_001.20sec.fsa,D3S1358,G,OL,102.67,39,13,114.44,38,OL,116.13,11,14,118.39,529,15,122.2,515,16,126.2,201,17,130.45,393,OL,137.1,29,OL,140.31,3,,,,,,,,,,,,,,,,,,,,,,,,,,,,,,,,,,,,,,,,,,,,,,,,,,,,,,,,,,,,,,,,,,,,,,,,,,,,,,,,,,,,,,,,,,,,,,,,,,,,,,,,,,,,,,,,,,,,,,,,,,,,,,,,,,,,,,,,,,,,,,,,,,,,,,,,,,,,,,,,,,,,,,,,,,,,,,,,,,,,,,,,,,,,,,,,,,,,,,,,,,,,,,,,,,,,,,,,,,,,,,,,,,,,,,,,,,,,,,,,,,,,,,,,,,,,,,,,,,,,,,,,,,,,,,,,,
E04_RD14-0003-36_37_38_39-1;2;2;1-M2S30-0.186IP-Q2.9_001.20sec.fsa,TH01,G,OL,155.16,5,OL,163.19,6,6,168.55,402,7,172.6,373,OL,175.09,13,9.3,183.89,103,OL,196.27,6,13,197.06,7,,,,,,,,,,,,,,,,,,,,,,,,,,,,,,,,,,,,,,,,,,,,,,,,,,,,,,,,,,,,,,,,,,,,,,,,,,,,,,,,,,,,,,,,,,,,,,,,,,,,,,,,,,,,,,,,,,,,,,,,,,,,,,,,,,,,,,,,,,,,,,,,,,,,,,,,,,,,,,,,,,,,,,,,,,,,,,,,,,,,,,,,,,,,,,,,,,,,,,,,,,,,,,,,,,,,,,,,,,,,,,,,,,,,,,,,,,,,,,,,,,,,,,,,,,,,,,,,,,,,,,,,,,,,,,,,,,,,
E04_RD14-0003-36_37_38_39-1;2;2;1-M2S30-0.186IP-Q2.9_001.20sec.fsa,D13S317,G,OL,204.13,6,OL,209.21,4,OL,210.55,9,9,219.2,62,10,223.23,12,OL,225.29,5,11,227.27,250,12,231.23,202,OL,240.17,3,,,,,,,,,,,,,,,,,,,,,,,,,,,,,,,,,,,,,,,,,,,,,,,,,,,,,,,,,,,,,,,,,,,,,,,,,,,,,,,,,,,,,,,,,,,,,,,,,,,,,,,,,,,,,,,,,,,,,,,,,,,,,,,,,,,,,,,,,,,,,,,,,,,,,,,,,,,,,,,,,,,,,,,,,,,,,,,,,,,,,,,,,,,,,,,,,,,,,,,,,,,,,,,,,,,,,,,,,,,,,,,,,,,,,,,,,,,,,,,,,,,,,,,,,,,,,,,,,,,,,,,,,,,,,,,,,
E04_RD14-0003-36_37_38_39-1;2;2;1-M2S30-0.186IP-Q2.9_001.20sec.fsa,D16S539,G,5,251.73,4,OL,258.76,3,OL,260.4,4,9,267.25,49,10,271.09,10,11,275.17,150,12,279.19,40,,,,,,,,,,,,,,,,,,,,,,,,,,,,,,,,,,,,,,,,,,,,,,,,,,,,,,,,,,,,,,,,,,,,,,,,,,,,,,,,,,,,,,,,,,,,,,,,,,,,,,,,,,,,,,,,,,,,,,,,,,,,,,,,,,,,,,,,,,,,,,,,,,,,,,,,,,,,,,,,,,,,,,,,,,,,,,,,,,,,,,,,,,,,,,,,,,,,,,,,,,,,,,,,,,,,,,,,,,,,,,,,,,,,,,,,,,,,,,,,,,,,,,,,,,,,,,,,,,,,,,,,,,,,,,,,,,,,,,,
E04_RD14-0003-36_37_38_39-1;2;2;1-M2S30-0.186IP-Q2.9_001.20sec.fsa,D2S1338,G,OL,302.04,6,OL,305.44,7,OL,306.63,4,OL,307.51,5,OL,308.07,4,21,328.93,8,OL,334.32,5,OL,335.3,5,OL,337.74,5,OL,339.43,6,OL,345.7,3,OL,350.24,4,,,,,,,,,,,,,,,,,,,,,,,,,,,,,,,,,,,,,,,,,,,,,,,,,,,,,,,,,,,,,,,,,,,,,,,,,,,,,,,,,,,,,,,,,,,,,,,,,,,,,,,,,,,,,,,,,,,,,,,,,,,,,,,,,,,,,,,,,,,,,,,,,,,,,,,,,,,,,,,,,,,,,,,,,,,,,,,,,,,,,,,,,,,,,,,,,,,,,,,,,,,,,,,,,,,,,,,,,,,,,,,,,,,,,,,,,,,,,,,,,,,,,,,,,,,,,,,,,,,,,,,,
E04_RD14-0003-36_37_38_39-1;2;2;1-M2S30-0.186IP-Q2.9_001.20sec.fsa,D19S433,Y,OL,101.22,20,10,104.34,9,10.2,106.08,117,11.2,110.46,11,12.2,114.07,15,13,116.2,388,13.2,118.32,31,14,120.15,711,14.2,122.13,249,OL,139.77,8,,,,,,,,,,,,,,,,,,,,,,,,,,,,,,,,,,,,,,,,,,,,,,,,,,,,,,,,,,,,,,,,,,,,,,,,,,,,,,,,,,,,,,,,,,,,,,,,,,,,,,,,,,,,,,,,,,,,,,,,,,,,,,,,,,,,,,,,,,,,,,,,,,,,,,,,,,,,,,,,,,,,,,,,,,,,,,,,,,,,,,,,,,,,,,,,,,,,,,,,,,,,,,,,,,,,,,,,,,,,,,,,,,,,,,,,,,,,,,,,,,,,,,,,,,,,,,,,,,,,,,,,,,,,,,
E04_RD14-0003-36_37_38_39-1;2;2;1-M2S30-0.186IP-Q2.9_001.20sec.fsa,vWA,Y,OL,157.14,9,13,160,10,15,168.16,52,16,172.21,295,17,176.26,67,18,180.24,326,19,184.44,35,OL,198.41,8,,,,,,,,,,,,,,,,,,,,,,,,,,,,,,,,,,,,,,,,,,,,,,,,,,,,,,,,,,,,,,,,,,,,,,,,,,,,,,,,,,,,,,,,,,,,,,,,,,,,,,,,,,,,,,,,,,,,,,,,,,,,,,,,,,,,,,,,,,,,,,,,,,,,,,,,,,,,,,,,,,,,,,,,,,,,,,,,,,,,,,,,,,,,,,,,,,,,,,,,,,,,,,,,,,,,,,,,,,,,,,,,,,,,,,,,,,,,,,,,,,,,,,,,,,,,,,,,,,,,,,,,,,,,,,,,,,,,
E04_RD14-0003-36_37_38_39-1;2;2;1-M2S30-0.186IP-Q2.9_001.20sec.fsa,TPOX,Y,6,220.63,39,8,228.69,91,10,236.64,39,OL,243.21,5,12,244.93,67,,,,,,,,,,,,,,,,,,,,,,,,,,,,,,,,,,,,,,,,,,,,,,,,,,,,,,,,,,,,,,,,,,,,,,,,,,,,,,,,,,,,,,,,,,,,,,,,,,,,,,,,,,,,,,,,,,,,,,,,,,,,,,,,,,,,,,,,,,,,,,,,,,,,,,,,,,,,,,,,,,,,,,,,,,,,,,,,,,,,,,,,,,,,,,,,,,,,,,,,,,,,,,,,,,,,,,,,,,,,,,,,,,,,,,,,,,,,,,,,,,,,,,,,,,,,,,,,,,,,,,,,,,,,,,,,,,,,,,,,,,,,,
E04_RD14-0003-36_37_38_39-1;2;2;1-M2S30-0.186IP-Q2.9_001.20sec.fsa,D18S51,Y,14,289.64,10,15,293.07,37,17,301.02,83,18.2,307.11,8,23.2,327.61,6,24,329.67,5,OL,340.25,10,OL,345.29,6,OL,346.85,5,,,,,,,,,,,,,,,,,,,,,,,,,,,,,,,,,,,,,,,,,,,,,,,,,,,,,,,,,,,,,,,,,,,,,,,,,,,,,,,,,,,,,,,,,,,,,,,,,,,,,,,,,,,,,,,,,,,,,,,,,,,,,,,,,,,,,,,,,,,,,,,,,,,,,,,,,,,,,,,,,,,,,,,,,,,,,,,,,,,,,,,,,,,,,,,,,,,,,,,,,,,,,,,,,,,,,,,,,,,,,,,,,,,,,,,,,,,,,,,,,,,,,,,,,,,,,,,,,,,,,,,,,,,,,,,,,
E04_RD14-0003-36_37_38_39-1;2;2;1-M2S30-0.186IP-Q2.9_001.20sec.fsa,AMEL,R,X,104.94,756,Y,110.84,909,,,,,,,,,,,,,,,,,,,,,,,,,,,,,,,,,,,,,,,,,,,,,,,,,,,,,,,,,,,,,,,,,,,,,,,,,,,,,,,,,,,,,,,,,,,,,,,,,,,,,,,,,,,,,,,,,,,,,,,,,,,,,,,,,,,,,,,,,,,,,,,,,,,,,,,,,,,,,,,,,,,,,,,,,,,,,,,,,,,,,,,,,,,,,,,,,,,,,,,,,,,,,,,,,,,,,,,,,,,,,,,,,,,,,,,,,,,,,,,,,,,,,,,,,,,,,,,,,,,,,,,,,,,,,,,,,,,,,,,,,,,,,,,,,,,,,,
E04_RD14-0003-36_37_38_39-1;2;2;1-M2S30-0.186IP-Q2.9_001.20sec.fsa,D5S818,R,OL,126.87,9,OL,129.11,8,10,144.69,57,11,148.85,585,12,153.03,394,13,157.06,124,OL,167.93,5,17,173.06,8,OL,177.74,7,,,,,,,,,,,,,,,,,,,,,,,,,,,,,,,,,,,,,,,,,,,,,,,,,,,,,,,,,,,,,,,,,,,,,,,,,,,,,,,,,,,,,,,,,,,,,,,,,,,,,,,,,,,,,,,,,,,,,,,,,,,,,,,,,,,,,,,,,,,,,,,,,,,,,,,,,,,,,,,,,,,,,,,,,,,,,,,,,,,,,,,,,,,,,,,,,,,,,,,,,,,,,,,,,,,,,,,,,,,,,,,,,,,,,,,,,,,,,,,,,,,,,,,,,,,,,,,,,,,,,,,,,,,,,,,,,
E04_RD14-0003-36_37_38_39-1;2;2;1-M2S30-0.186IP-Q2.9_001.20sec.fsa,FGA,R,OL,205.69,8,16,208.51,9,21,229.01,20,22,233.22,48,23,237.44,18,24,240.91,8,25,245.59,45,28,257.75,6,30,266.13,6,OL,268.69,8,OL,270.61,7,31.2,271.17,8,OL,272.93,6,32,273.97,7,OL,280.48,8,OL,284.38,4,OL,290.12,7,OL,294.98,5,OL,296.33,5,OL,299.92,4,OL,307.51,5,OL,312.36,13,45.2,328.35,4,46.2,332.53,5,OL,341.57,6,,,,,,,,,,,,,,,,,,,,,,,,,,,,,,,,,,,,,,,,,,,,,,,,,,,,,,,,,,,,,,,,,,,,,,,,,,,,,,,,,,,,,,,,,,,,,,,,,,,,,,,,,,,,,,,,,,,,,,,,,,,,,,,,,,,,,,,,,,,,,,,,,,,,,,,,,,,,,,,,,,,,,,,,,,,,,,,,,,,,,,,,,,,,,,,,,,,,,,,,,,,,,,,,,,,,,,,,,,,,,,,,,
E05_RD14-0003-44_45_46_47-1;1;4;1-M1S30-0.44IP-Q2.9_001.20sec.fsa,D8S1179,B,OL,114.15,10,OL,115.46,4,OL,120.31,5,OL,123.27,11,9,125.7,9,10,129.73,275,OL,131.71,4,11,133.79,1495,12,137.89,49,13,142.05,813,14,146.09,2234,15,150.32,300,OL,156.57,7,19,166.29,7,OL,169.36,7,OL,177.75,6,,,,,,,,,,,,,,,,,,,,,,,,,,,,,,,,,,,,,,,,,,,,,,,,,,,,,,,,,,,,,,,,,,,,,,,,,,,,,,,,,,,,,,,,,,,,,,,,,,,,,,,,,,,,,,,,,,,,,,,,,,,,,,,,,,,,,,,,,,,,,,,,,,,,,,,,,,,,,,,,,,,,,,,,,,,,,,,,,,,,,,,,,,,,,,,,,,,,,,,,,,,,,,,,,,,,,,,,,,,,,,,,,,,,,,,,,,,,,,,,,,,,,,,,,,,,
E05_RD14-0003-44_45_46_47-1;1;4;1-M1S30-0.44IP-Q2.9_001.20sec.fsa,D21S11,B,23.2,180.34,9,OL,189.45,9,26,190.12,7,27,194.68,41,28,198.73,112,OL,201.32,2,29,202.81,8,29.2,204.55,4,30,206.71,86,31,210.72,318,31.2,212.65,21,32,214.78,111,32.2,216.78,218,35,227.14,2,OL,229.35,4,,,,,,,,,,,,,,,,,,,,,,,,,,,,,,,,,,,,,,,,,,,,,,,,,,,,,,,,,,,,,,,,,,,,,,,,,,,,,,,,,,,,,,,,,,,,,,,,,,,,,,,,,,,,,,,,,,,,,,,,,,,,,,,,,,,,,,,,,,,,,,,,,,,,,,,,,,,,,,,,,,,,,,,,,,,,,,,,,,,,,,,,,,,,,,,,,,,,,,,,,,,,,,,,,,,,,,,,,,,,,,,,,,,,,,,,,,,,,,,,,,,,,,,,,,,,,,,
E05_RD14-0003-44_45_46_47-1;1;4;1-M1S30-0.44IP-Q2.9_001.20sec.fsa,D7S820,B,OL,248.08,4,5,250,5,OL,253.12,3,6,254.22,4,8,262.06,99,9,266.11,112,10,270.09,78,11,274.25,11,12,278.17,225,16,294.22,1,,,,,,,,,,,,,,,,,,,,,,,,,,,,,,,,,,,,,,,,,,,,,,,,,,,,,,,,,,,,,,,,,,,,,,,,,,,,,,,,,,,,,,,,,,,,,,,,,,,,,,,,,,,,,,,,,,,,,,,,,,,,,,,,,,,,,,,,,,,,,,,,,,,,,,,,,,,,,,,,,,,,,,,,,,,,,,,,,,,,,,,,,,,,,,,,,,,,,,,,,,,,,,,,,,,,,,,,,,,,,,,,,,,,,,,,,,,,,,,,,,,,,,,,,,,,,,,,,,,,,,,,,,,,,,
E05_RD14-0003-44_45_46_47-1;1;4;1-M1S30-0.44IP-Q2.9_001.20sec.fsa,CSF1PO,B,5,298.71,4,8,310.29,3,9,314.64,8,10,318.8,161,11,322.96,193,12,326.9,73,15,338.42,4,,,,,,,,,,,,,,,,,,,,,,,,,,,,,,,,,,,,,,,,,,,,,,,,,,,,,,,,,,,,,,,,,,,,,,,,,,,,,,,,,,,,,,,,,,,,,,,,,,,,,,,,,,,,,,,,,,,,,,,,,,,,,,,,,,,,,,,,,,,,,,,,,,,,,,,,,,,,,,,,,,,,,,,,,,,,,,,,,,,,,,,,,,,,,,,,,,,,,,,,,,,,,,,,,,,,,,,,,,,,,,,,,,,,,,,,,,,,,,,,,,,,,,,,,,,,,,,,,,,,,,,,,,,,,,,,,,,,,,,
E05_RD14-0003-44_45_46_47-1;1;4;1-M1S30-0.44IP-Q2.9_001.20sec.fsa,D3S1358,G,OL,101.69,8,12,110.42,13,13,114.46,180,OL,116.31,19,14,118.46,2546,15,122.33,2551,16,126.48,422,17,130.2,211,OL,140.33,8,OL,141.31,5,OL,143.45,13,,,,,,,,,,,,,,,,,,,,,,,,,,,,,,,,,,,,,,,,,,,,,,,,,,,,,,,,,,,,,,,,,,,,,,,,,,,,,,,,,,,,,,,,,,,,,,,,,,,,,,,,,,,,,,,,,,,,,,,,,,,,,,,,,,,,,,,,,,,,,,,,,,,,,,,,,,,,,,,,,,,,,,,,,,,,,,,,,,,,,,,,,,,,,,,,,,,,,,,,,,,,,,,,,,,,,,,,,,,,,,,,,,,,,,,,,,,,,,,,,,,,,,,,,,,,,,,,,,,,,,,,,,,
E05_RD14-0003-44_45_46_47-1;1;4;1-M1S30-0.44IP-Q2.9_001.20sec.fsa,TH01,G,6,168.69,335,6.3,171.51,11,7,172.76,630,OL,174.34,5,8,176.75,33,9,180.84,1413,9.3,183.96,174,10.3,187.34,5,OL,193.58,4,,,,,,,,,,,,,,,,,,,,,,,,,,,,,,,,,,,,,,,,,,,,,,,,,,,,,,,,,,,,,,,,,,,,,,,,,,,,,,,,,,,,,,,,,,,,,,,,,,,,,,,,,,,,,,,,,,,,,,,,,,,,,,,,,,,,,,,,,,,,,,,,,,,,,,,,,,,,,,,,,,,,,,,,,,,,,,,,,,,,,,,,,,,,,,,,,,,,,,,,,,,,,,,,,,,,,,,,,,,,,,,,,,,,,,,,,,,,,,,,,,,,,,,,,,,,,,,,,,,,,,,,,,,,,,,,,
E05_RD14-0003-44_45_46_47-1;1;4;1-M1S30-0.44IP-Q2.9_001.20sec.fsa,D13S317,G,OL,205.46,2,7,210.97,8,8,215.13,466,10,223.48,8,11,227.23,47,12,231.31,1008,13,235.4,201,16,247.29,5,,,,,,,,,,,,,,,,,,,,,,,,,,,,,,,,,,,,,,,,,,,,,,,,,,,,,,,,,,,,,,,,,,,,,,,,,,,,,,,,,,,,,,,,,,,,,,,,,,,,,,,,,,,,,,,,,,,,,,,,,,,,,,,,,,,,,,,,,,,,,,,,,,,,,,,,,,,,,,,,,,,,,,,,,,,,,,,,,,,,,,,,,,,,,,,,,,,,,,,,,,,,,,,,,,,,,,,,,,,,,,,,,,,,,,,,,,,,,,,,,,,,,,,,,,,,,,,,,,,,,,,,,,,,,,,,,,,,
E05_RD14-0003-44_45_46_47-1;1;4;1-M1S30-0.44IP-Q2.9_001.20sec.fsa,D16S539,G,OL,266.63,6,10,271.21,137,11,275.29,98,12,279.3,502,OL,289.82,5,,,,,,,,,,,,,,,,,,,,,,,,,,,,,,,,,,,,,,,,,,,,,,,,,,,,,,,,,,,,,,,,,,,,,,,,,,,,,,,,,,,,,,,,,,,,,,,,,,,,,,,,,,,,,,,,,,,,,,,,,,,,,,,,,,,,,,,,,,,,,,,,,,,,,,,,,,,,,,,,,,,,,,,,,,,,,,,,,,,,,,,,,,,,,,,,,,,,,,,,,,,,,,,,,,,,,,,,,,,,,,,,,,,,,,,,,,,,,,,,,,,,,,,,,,,,,,,,,,,,,,,,,,,,,,,,,,,,,,,,,,,,,
E05_RD14-0003-44_45_46_47-1;1;4;1-M1S30-0.44IP-Q2.9_001.20sec.fsa,D2S1338,G,OL,301.36,5,15,305.06,8,16,308.88,144,19,321.17,73,OL,322.51,9,OL,325.65,5,OL,326.27,6,OL,327.52,6,22,332.85,6,23,337.27,43,24,341.26,10,25,345.22,87,,,,,,,,,,,,,,,,,,,,,,,,,,,,,,,,,,,,,,,,,,,,,,,,,,,,,,,,,,,,,,,,,,,,,,,,,,,,,,,,,,,,,,,,,,,,,,,,,,,,,,,,,,,,,,,,,,,,,,,,,,,,,,,,,,,,,,,,,,,,,,,,,,,,,,,,,,,,,,,,,,,,,,,,,,,,,,,,,,,,,,,,,,,,,,,,,,,,,,,,,,,,,,,,,,,,,,,,,,,,,,,,,,,,,,,,,,,,,,,,,,,,,,,,,,,,,,,,,,,,,,,,
E05_RD14-0003-44_45_46_47-1;1;4;1-M1S30-0.44IP-Q2.9_001.20sec.fsa,D19S433,Y,OL,95.42,10,9,99.92,53,10,104.03,1663,11,108.19,395,12,112.33,95,13,116.31,2059,13.2,118.31,44,14,120.23,246,14.2,122.25,181,15,124.21,416,16.2,130.44,10,OL,135.31,12,18.2,137.65,9,18.2,138.22,8,OL,139.76,10,,,,,,,,,,,,,,,,,,,,,,,,,,,,,,,,,,,,,,,,,,,,,,,,,,,,,,,,,,,,,,,,,,,,,,,,,,,,,,,,,,,,,,,,,,,,,,,,,,,,,,,,,,,,,,,,,,,,,,,,,,,,,,,,,,,,,,,,,,,,,,,,,,,,,,,,,,,,,,,,,,,,,,,,,,,,,,,,,,,,,,,,,,,,,,,,,,,,,,,,,,,,,,,,,,,,,,,,,,,,,,,,,,,,,,,,,,,,,,,,,,,,,,,,,,,,,,,
E05_RD14-0003-44_45_46_47-1;1;4;1-M1S30-0.44IP-Q2.9_001.20sec.fsa,vWA,Y,OL,148.74,23,OL,152.98,8,13,160,54,14,164.72,9,OL,165.79,13,15,168.2,60,16,172.26,882,OL,174.84,7,17,176.09,14,18,180.34,161,19,184.47,22,OL,186.07,7,OL,187.26,4,20,188.52,177,,,,,,,,,,,,,,,,,,,,,,,,,,,,,,,,,,,,,,,,,,,,,,,,,,,,,,,,,,,,,,,,,,,,,,,,,,,,,,,,,,,,,,,,,,,,,,,,,,,,,,,,,,,,,,,,,,,,,,,,,,,,,,,,,,,,,,,,,,,,,,,,,,,,,,,,,,,,,,,,,,,,,,,,,,,,,,,,,,,,,,,,,,,,,,,,,,,,,,,,,,,,,,,,,,,,,,,,,,,,,,,,,,,,,,,,,,,,,,,,,,,,,,,,,,,,,,,,,,
E05_RD14-0003-44_45_46_47-1;1;4;1-M1S30-0.44IP-Q2.9_001.20sec.fsa,TPOX,Y,OL,220.17,9,8,228.84,754,9,232.59,3,10,237.02,15,11,240.88,333,OL,250.08,6,,,,,,,,,,,,,,,,,,,,,,,,,,,,,,,,,,,,,,,,,,,,,,,,,,,,,,,,,,,,,,,,,,,,,,,,,,,,,,,,,,,,,,,,,,,,,,,,,,,,,,,,,,,,,,,,,,,,,,,,,,,,,,,,,,,,,,,,,,,,,,,,,,,,,,,,,,,,,,,,,,,,,,,,,,,,,,,,,,,,,,,,,,,,,,,,,,,,,,,,,,,,,,,,,,,,,,,,,,,,,,,,,,,,,,,,,,,,,,,,,,,,,,,,,,,,,,,,,,,,,,,,,,,,,,,,,,,,,,,,,,
E05_RD14-0003-44_45_46_47-1;1;4;1-M1S30-0.44IP-Q2.9_001.20sec.fsa,D18S51,Y,OL,267.06,6,9,269.31,7,12,281.21,16,OL,282.15,5,13,285.17,169,14,289.13,41,15.2,295.43,5,16,297.07,38,17,301.19,10,18,305.23,38,19,309.14,11,OL,320.36,7,OL,344.77,6,,,,,,,,,,,,,,,,,,,,,,,,,,,,,,,,,,,,,,,,,,,,,,,,,,,,,,,,,,,,,,,,,,,,,,,,,,,,,,,,,,,,,,,,,,,,,,,,,,,,,,,,,,,,,,,,,,,,,,,,,,,,,,,,,,,,,,,,,,,,,,,,,,,,,,,,,,,,,,,,,,,,,,,,,,,,,,,,,,,,,,,,,,,,,,,,,,,,,,,,,,,,,,,,,,,,,,,,,,,,,,,,,,,,,,,,,,,,,,,,,,,,,,,,,,,,,,,,,,,,,
E05_RD14-0003-44_45_46_47-1;1;4;1-M1S30-0.44IP-Q2.9_001.20sec.fsa,AMEL,R,X,104.99,3008,Y,110.9,2638,,,,,,,,,,,,,,,,,,,,,,,,,,,,,,,,,,,,,,,,,,,,,,,,,,,,,,,,,,,,,,,,,,,,,,,,,,,,,,,,,,,,,,,,,,,,,,,,,,,,,,,,,,,,,,,,,,,,,,,,,,,,,,,,,,,,,,,,,,,,,,,,,,,,,,,,,,,,,,,,,,,,,,,,,,,,,,,,,,,,,,,,,,,,,,,,,,,,,,,,,,,,,,,,,,,,,,,,,,,,,,,,,,,,,,,,,,,,,,,,,,,,,,,,,,,,,,,,,,,,,,,,,,,,,,,,,,,,,,,,,,,,,,,,,,,,,,
E05_RD14-0003-44_45_46_47-1;1;4;1-M1S30-0.44IP-Q2.9_001.20sec.fsa,D5S818,R,6,128.62,6,8,136.12,9,OL,141.4,12,10,144.77,93,11,148.91,2018,12,152.98,376,13,157.15,214,15,165.13,7,OL,166.04,7,,,,,,,,,,,,,,,,,,,,,,,,,,,,,,,,,,,,,,,,,,,,,,,,,,,,,,,,,,,,,,,,,,,,,,,,,,,,,,,,,,,,,,,,,,,,,,,,,,,,,,,,,,,,,,,,,,,,,,,,,,,,,,,,,,,,,,,,,,,,,,,,,,,,,,,,,,,,,,,,,,,,,,,,,,,,,,,,,,,,,,,,,,,,,,,,,,,,,,,,,,,,,,,,,,,,,,,,,,,,,,,,,,,,,,,,,,,,,,,,,,,,,,,,,,,,,,,,,,,,,,,,,,,,,,,,,
E05_RD14-0003-44_45_46_47-1;1;4;1-M1S30-0.44IP-Q2.9_001.20sec.fsa,FGA,R,OL,206.37,5,OL,211.98,11,17,212.65,13,19,221.1,9,21,229.18,33,22,233.18,50,23,237.27,75,24,241.32,136,25,245.54,257,26,249.65,162,28,257.15,4,OL,266.2,6,OL,274.25,8,OL,300.6,7,OL,312.67,15,OL,334.44,9,OL,347.65,11,OL,356.12,4,OL,357.56,6,,,,,,,,,,,,,,,,,,,,,,,,,,,,,,,,,,,,,,,,,,,,,,,,,,,,,,,,,,,,,,,,,,,,,,,,,,,,,,,,,,,,,,,,,,,,,,,,,,,,,,,,,,,,,,,,,,,,,,,,,,,,,,,,,,,,,,,,,,,,,,,,,,,,,,,,,,,,,,,,,,,,,,,,,,,,,,,,,,,,,,,,,,,,,,,,,,,,,,,,,,,,,,,,,,,,,,,,,,,,,,,,,,,,,,,,,,,,,,,,,,,
F04_RD14-0003-36_37_38_39-1;2;2;1-M2S30-0.09IP-Q2.9_002.20sec.fsa,D8S1179,B,OL,113.33,10,8,122.13,11,OL,123.08,12,9,125.74,5,10,129.69,88,11,133.68,7,12,137.78,95,13,142.02,101,14,146.06,13,OL,147.46,8,OL,149.1,2,15,150.27,84,OL,154.97,10,OL,156.77,5,17,158.58,7,OL,160,3,OL,165.88,4,OL,168.44,5,20,170.3,3,OL,177.75,5,,,,,,,,,,,,,,,,,,,,,,,,,,,,,,,,,,,,,,,,,,,,,,,,,,,,,,,,,,,,,,,,,,,,,,,,,,,,,,,,,,,,,,,,,,,,,,,,,,,,,,,,,,,,,,,,,,,,,,,,,,,,,,,,,,,,,,,,,,,,,,,,,,,,,,,,,,,,,,,,,,,,,,,,,,,,,,,,,,,,,,,,,,,,,,,,,,,,,,,,,,,,,,,,,,,,,,,,,,,,,,,,,,,,,,,,,,,,,,,,
F04_RD14-0003-36_37_38_39-1;2;2;1-M2S30-0.09IP-Q2.9_002.20sec.fsa,D21S11,B,OL,181.81,10,OL,185.04,18,26.2,192.44,5,27,194.41,13,OL,195.98,12,28,198.58,45,OL,200.08,5,29,202.71,32,30,206.66,26,OL,211.89,3,33,218.64,5,35,226.76,3,35.2,228.57,11,36.2,232.67,5,OL,237.71,2,38,238.58,5,,,,,,,,,,,,,,,,,,,,,,,,,,,,,,,,,,,,,,,,,,,,,,,,,,,,,,,,,,,,,,,,,,,,,,,,,,,,,,,,,,,,,,,,,,,,,,,,,,,,,,,,,,,,,,,,,,,,,,,,,,,,,,,,,,,,,,,,,,,,,,,,,,,,,,,,,,,,,,,,,,,,,,,,,,,,,,,,,,,,,,,,,,,,,,,,,,,,,,,,,,,,,,,,,,,,,,,,,,,,,,,,,,,,,,,,,,,,,,,,,,,,,,,,,,,,
F04_RD14-0003-36_37_38_39-1;2;2;1-M2S30-0.09IP-Q2.9_002.20sec.fsa,D7S820,B,OL,257.2,4,OL,260,6,OL,260.87,4,8,262.06,25,9.2,267.76,3,OL,270.77,3,OL,272.52,3,12,278.57,5,OL,279.92,5,,,,,,,,,,,,,,,,,,,,,,,,,,,,,,,,,,,,,,,,,,,,,,,,,,,,,,,,,,,,,,,,,,,,,,,,,,,,,,,,,,,,,,,,,,,,,,,,,,,,,,,,,,,,,,,,,,,,,,,,,,,,,,,,,,,,,,,,,,,,,,,,,,,,,,,,,,,,,,,,,,,,,,,,,,,,,,,,,,,,,,,,,,,,,,,,,,,,,,,,,,,,,,,,,,,,,,,,,,,,,,,,,,,,,,,,,,,,,,,,,,,,,,,,,,,,,,,,,,,,,,,,,,,,,,,,,
F04_RD14-0003-36_37_38_39-1;2;2;1-M2S30-0.09IP-Q2.9_002.20sec.fsa,CSF1PO,B,OL,300.23,5,OL,311.18,9,10,318.64,44,OL,320,4,OL,321.4,3,11,322.64,25,14,334.99,3,15,339.11,4,,,,,,,,,,,,,,,,,,,,,,,,,,,,,,,,,,,,,,,,,,,,,,,,,,,,,,,,,,,,,,,,,,,,,,,,,,,,,,,,,,,,,,,,,,,,,,,,,,,,,,,,,,,,,,,,,,,,,,,,,,,,,,,,,,,,,,,,,,,,,,,,,,,,,,,,,,,,,,,,,,,,,,,,,,,,,,,,,,,,,,,,,,,,,,,,,,,,,,,,,,,,,,,,,,,,,,,,,,,,,,,,,,,,,,,,,,,,,,,,,,,,,,,,,,,,,,,,,,,,,,,,,,,,,,,,,,,,
F04_RD14-0003-36_37_38_39-1;2;2;1-M2S30-0.09IP-Q2.9_002.20sec.fsa,D3S1358,G,OL,95.88,7,OL,102.98,14,OL,103.97,12,11,106.47,6,OL,112.35,8,OL,116.17,9,14,118.34,196,15,122.13,283,16,126.34,68,17,130.37,219,18.2,136.03,4,,,,,,,,,,,,,,,,,,,,,,,,,,,,,,,,,,,,,,,,,,,,,,,,,,,,,,,,,,,,,,,,,,,,,,,,,,,,,,,,,,,,,,,,,,,,,,,,,,,,,,,,,,,,,,,,,,,,,,,,,,,,,,,,,,,,,,,,,,,,,,,,,,,,,,,,,,,,,,,,,,,,,,,,,,,,,,,,,,,,,,,,,,,,,,,,,,,,,,,,,,,,,,,,,,,,,,,,,,,,,,,,,,,,,,,,,,,,,,,,,,,,,,,,,,,,,,,,,,,,,,,,,,,
F04_RD14-0003-36_37_38_39-1;2;2;1-M2S30-0.09IP-Q2.9_002.20sec.fsa,TH01,G,3,156.77,3,OL,157.8,4,6,168.52,84,7,172.63,309,8,176.58,44,OL,179.07,8,9,180.79,14,9.3,183.86,81,OL,185.75,9,OL,195.12,4,OL,198.19,6,,,,,,,,,,,,,,,,,,,,,,,,,,,,,,,,,,,,,,,,,,,,,,,,,,,,,,,,,,,,,,,,,,,,,,,,,,,,,,,,,,,,,,,,,,,,,,,,,,,,,,,,,,,,,,,,,,,,,,,,,,,,,,,,,,,,,,,,,,,,,,,,,,,,,,,,,,,,,,,,,,,,,,,,,,,,,,,,,,,,,,,,,,,,,,,,,,,,,,,,,,,,,,,,,,,,,,,,,,,,,,,,,,,,,,,,,,,,,,,,,,,,,,,,,,,,,,,,,,,,,,,,,,,
F04_RD14-0003-36_37_38_39-1;2;2;1-M2S30-0.09IP-Q2.9_002.20sec.fsa,D13S317,G,OL,203.79,9,OL,205.03,8,7,210.71,10,OL,218.24,26,10,223.54,6,11,227.31,93,12,231.33,136,13,235.19,8,OL,236.14,7,OL,245.49,4,,,,,,,,,,,,,,,,,,,,,,,,,,,,,,,,,,,,,,,,,,,,,,,,,,,,,,,,,,,,,,,,,,,,,,,,,,,,,,,,,,,,,,,,,,,,,,,,,,,,,,,,,,,,,,,,,,,,,,,,,,,,,,,,,,,,,,,,,,,,,,,,,,,,,,,,,,,,,,,,,,,,,,,,,,,,,,,,,,,,,,,,,,,,,,,,,,,,,,,,,,,,,,,,,,,,,,,,,,,,,,,,,,,,,,,,,,,,,,,,,,,,,,,,,,,,,,,,,,,,,,,,,,,,,,
F04_RD14-0003-36_37_38_39-1;2;2;1-M2S30-0.09IP-Q2.9_002.20sec.fsa,D16S539,G,7,259.46,6,OL,261.66,7,8,263.64,5,10,271.17,12,11,275.14,75,OL,285.54,6,OL,288.46,6,15,291.31,5,,,,,,,,,,,,,,,,,,,,,,,,,,,,,,,,,,,,,,,,,,,,,,,,,,,,,,,,,,,,,,,,,,,,,,,,,,,,,,,,,,,,,,,,,,,,,,,,,,,,,,,,,,,,,,,,,,,,,,,,,,,,,,,,,,,,,,,,,,,,,,,,,,,,,,,,,,,,,,,,,,,,,,,,,,,,,,,,,,,,,,,,,,,,,,,,,,,,,,,,,,,,,,,,,,,,,,,,,,,,,,,,,,,,,,,,,,,,,,,,,,,,,,,,,,,,,,,,,,,,,,,,,,,,,,,,,,,,
F04_RD14-0003-36_37_38_39-1;2;2;1-M2S30-0.09IP-Q2.9_002.20sec.fsa,D2S1338,G,OL,315.77,10,18,316.86,4,25,344.84,9,,,,,,,,,,,,,,,,,,,,,,,,,,,,,,,,,,,,,,,,,,,,,,,,,,,,,,,,,,,,,,,,,,,,,,,,,,,,,,,,,,,,,,,,,,,,,,,,,,,,,,,,,,,,,,,,,,,,,,,,,,,,,,,,,,,,,,,,,,,,,,,,,,,,,,,,,,,,,,,,,,,,,,,,,,,,,,,,,,,,,,,,,,,,,,,,,,,,,,,,,,,,,,,,,,,,,,,,,,,,,,,,,,,,,,,,,,,,,,,,,,,,,,,,,,,,,,,,,,,,,,,,,,,,,,,,,,,,,,,,,,,,,,,,,,,
F04_RD14-0003-36_37_38_39-1;2;2;1-M2S30-0.09IP-Q2.9_002.20sec.fsa,D19S433,Y,OL,96.33,7,12,112.28,12,13,116.24,178,13.2,117.98,23,14,120.07,252,14.2,122.13,186,17,132.09,4,,,,,,,,,,,,,,,,,,,,,,,,,,,,,,,,,,,,,,,,,,,,,,,,,,,,,,,,,,,,,,,,,,,,,,,,,,,,,,,,,,,,,,,,,,,,,,,,,,,,,,,,,,,,,,,,,,,,,,,,,,,,,,,,,,,,,,,,,,,,,,,,,,,,,,,,,,,,,,,,,,,,,,,,,,,,,,,,,,,,,,,,,,,,,,,,,,,,,,,,,,,,,,,,,,,,,,,,,,,,,,,,,,,,,,,,,,,,,,,,,,,,,,,,,,,,,,,,,,,,,,,,,,,,,,,,,,,,,,,
F04_RD14-0003-36_37_38_39-1;2;2;1-M2S30-0.09IP-Q2.9_002.20sec.fsa,vWA,Y,OL,153.24,9,OL,157.4,5,OL,158.98,8,15,168.05,25,16,172.16,107,17,176.27,31,OL,179.3,13,18,180.31,84,OL,181.5,14,OL,187.72,6,20,188.74,12,OL,190.71,8,22,196.69,24,OL,198.98,7,,,,,,,,,,,,,,,,,,,,,,,,,,,,,,,,,,,,,,,,,,,,,,,,,,,,,,,,,,,,,,,,,,,,,,,,,,,,,,,,,,,,,,,,,,,,,,,,,,,,,,,,,,,,,,,,,,,,,,,,,,,,,,,,,,,,,,,,,,,,,,,,,,,,,,,,,,,,,,,,,,,,,,,,,,,,,,,,,,,,,,,,,,,,,,,,,,,,,,,,,,,,,,,,,,,,,,,,,,,,,,,,,,,,,,,,,,,,,,,,,,,,,,,,,,,,,,,,,,
F04_RD14-0003-36_37_38_39-1;2;2;1-M2S30-0.09IP-Q2.9_002.20sec.fsa,TPOX,Y,OL,220.24,11,OL,223.77,8,8,228.65,82,OL,235.43,9,10,237,10,11,240.49,13,12,244.77,27,OL,251.57,4,14,252.59,6,,,,,,,,,,,,,,,,,,,,,,,,,,,,,,,,,,,,,,,,,,,,,,,,,,,,,,,,,,,,,,,,,,,,,,,,,,,,,,,,,,,,,,,,,,,,,,,,,,,,,,,,,,,,,,,,,,,,,,,,,,,,,,,,,,,,,,,,,,,,,,,,,,,,,,,,,,,,,,,,,,,,,,,,,,,,,,,,,,,,,,,,,,,,,,,,,,,,,,,,,,,,,,,,,,,,,,,,,,,,,,,,,,,,,,,,,,,,,,,,,,,,,,,,,,,,,,,,,,,,,,,,,,,,,,,,,
F04_RD14-0003-36_37_38_39-1;2;2;1-M2S30-0.09IP-Q2.9_002.20sec.fsa,D18S51,Y,OL,268.15,11,9,269.26,8,9.2,270.69,9,11,277.05,6,OL,282.37,6,OL,283.64,3,OL,285.85,7,14.2,291.15,8,15,293.13,25,17,301.01,29,OL,311.74,13,24,329.45,14,OL,330.35,12,OL,336.2,5,OL,340.66,11,,,,,,,,,,,,,,,,,,,,,,,,,,,,,,,,,,,,,,,,,,,,,,,,,,,,,,,,,,,,,,,,,,,,,,,,,,,,,,,,,,,,,,,,,,,,,,,,,,,,,,,,,,,,,,,,,,,,,,,,,,,,,,,,,,,,,,,,,,,,,,,,,,,,,,,,,,,,,,,,,,,,,,,,,,,,,,,,,,,,,,,,,,,,,,,,,,,,,,,,,,,,,,,,,,,,,,,,,,,,,,,,,,,,,,,,,,,,,,,,,,,,,,,,,,,,,,,
F04_RD14-0003-36_37_38_39-1;2;2;1-M2S30-0.09IP-Q2.9_002.20sec.fsa,AMEL,R,X,104.88,337,Y,110.85,216,,,,,,,,,,,,,,,,,,,,,,,,,,,,,,,,,,,,,,,,,,,,,,,,,,,,,,,,,,,,,,,,,,,,,,,,,,,,,,,,,,,,,,,,,,,,,,,,,,,,,,,,,,,,,,,,,,,,,,,,,,,,,,,,,,,,,,,,,,,,,,,,,,,,,,,,,,,,,,,,,,,,,,,,,,,,,,,,,,,,,,,,,,,,,,,,,,,,,,,,,,,,,,,,,,,,,,,,,,,,,,,,,,,,,,,,,,,,,,,,,,,,,,,,,,,,,,,,,,,,,,,,,,,,,,,,,,,,,,,,,,,,,,,,,,,,,,
F04_RD14-0003-36_37_38_39-1;2;2;1-M2S30-0.09IP-Q2.9_002.20sec.fsa,D5S818,R,OL,131.79,5,9,140.54,4,10,144.58,15,11,148.86,187,12,153.01,59,13,156.93,40,OL,158.43,10,OL,167.67,4,,,,,,,,,,,,,,,,,,,,,,,,,,,,,,,,,,,,,,,,,,,,,,,,,,,,,,,,,,,,,,,,,,,,,,,,,,,,,,,,,,,,,,,,,,,,,,,,,,,,,,,,,,,,,,,,,,,,,,,,,,,,,,,,,,,,,,,,,,,,,,,,,,,,,,,,,,,,,,,,,,,,,,,,,,,,,,,,,,,,,,,,,,,,,,,,,,,,,,,,,,,,,,,,,,,,,,,,,,,,,,,,,,,,,,,,,,,,,,,,,,,,,,,,,,,,,,,,,,,,,,,,,,,,,,,,,,,,
F04_RD14-0003-36_37_38_39-1;2;2;1-M2S30-0.09IP-Q2.9_002.20sec.fsa,FGA,R,16,208.53,4,OL,221.57,9,22,233.3,23,23,237.24,6,OL,248.55,6,26.2,251.49,5,27.2,255.48,7,30.2,267.12,10,31,269.5,7,OL,277.53,7,OL,295.26,7,OL,296.52,9,OL,297.31,11,OL,300.08,7,OL,307.27,2,OL,307.83,2,OL,311.9,14,OL,317.71,6,OL,346.31,6,OL,349.34,6,OL,355.74,9,,,,,,,,,,,,,,,,,,,,,,,,,,,,,,,,,,,,,,,,,,,,,,,,,,,,,,,,,,,,,,,,,,,,,,,,,,,,,,,,,,,,,,,,,,,,,,,,,,,,,,,,,,,,,,,,,,,,,,,,,,,,,,,,,,,,,,,,,,,,,,,,,,,,,,,,,,,,,,,,,,,,,,,,,,,,,,,,,,,,,,,,,,,,,,,,,,,,,,,,,,,,,,,,,,,,,,,,,,,,,,,,,,,,,,,,,,,,,
F05_RD14-0003-44_45_46_47-1;1;4;1-M2S30-0.217IP-Q3.3_002.20sec.fsa,D8S1179,B,OL,112.01,6,OL,122.49,10,OL,123.35,8,9,125.62,19,10,129.73,187,11,133.71,372,OL,135.88,6,12,137.97,20,OL,140.49,4,13,142.06,240,14,146.1,579,15,150.32,46,OL,157.99,3,OL,161.23,8,OL,162.14,7,OL,164.69,4,OL,168.82,15,OL,175.77,4,OL,177.51,4,OL,178.26,4,,,,,,,,,,,,,,,,,,,,,,,,,,,,,,,,,,,,,,,,,,,,,,,,,,,,,,,,,,,,,,,,,,,,,,,,,,,,,,,,,,,,,,,,,,,,,,,,,,,,,,,,,,,,,,,,,,,,,,,,,,,,,,,,,,,,,,,,,,,,,,,,,,,,,,,,,,,,,,,,,,,,,,,,,,,,,,,,,,,,,,,,,,,,,,,,,,,,,,,,,,,,,,,,,,,,,,,,,,,,,,,,,,,,,,,,,,,,,,,,
F05_RD14-0003-44_45_46_47-1;1;4;1-M2S30-0.217IP-Q3.3_002.20sec.fsa,D21S11,B,25,186.77,4,27,194.23,9,27.2,197.03,3,28,198.73,61,30,206.81,40,31,210.73,122,32.2,216.82,124,OL,226.02,4,OL,227.47,4,36,231.13,6,OL,236.16,6,,,,,,,,,,,,,,,,,,,,,,,,,,,,,,,,,,,,,,,,,,,,,,,,,,,,,,,,,,,,,,,,,,,,,,,,,,,,,,,,,,,,,,,,,,,,,,,,,,,,,,,,,,,,,,,,,,,,,,,,,,,,,,,,,,,,,,,,,,,,,,,,,,,,,,,,,,,,,,,,,,,,,,,,,,,,,,,,,,,,,,,,,,,,,,,,,,,,,,,,,,,,,,,,,,,,,,,,,,,,,,,,,,,,,,,,,,,,,,,,,,,,,,,,,,,,,,,,,,,,,,,,,,,
F05_RD14-0003-44_45_46_47-1;1;4;1-M2S30-0.217IP-Q3.3_002.20sec.fsa,D7S820,B,OL,248.44,4,8,262.4,5,9,266.08,76,OL,271.6,4,11,274.28,5,OL,275.92,3,12,278.18,55,OL,280,8,OL,284.14,3,15,289.66,2,,,,,,,,,,,,,,,,,,,,,,,,,,,,,,,,,,,,,,,,,,,,,,,,,,,,,,,,,,,,,,,,,,,,,,,,,,,,,,,,,,,,,,,,,,,,,,,,,,,,,,,,,,,,,,,,,,,,,,,,,,,,,,,,,,,,,,,,,,,,,,,,,,,,,,,,,,,,,,,,,,,,,,,,,,,,,,,,,,,,,,,,,,,,,,,,,,,,,,,,,,,,,,,,,,,,,,,,,,,,,,,,,,,,,,,,,,,,,,,,,,,,,,,,,,,,,,,,,,,,,,,,,,,,,,
F05_RD14-0003-44_45_46_47-1;1;4;1-M2S30-0.217IP-Q3.3_002.20sec.fsa,CSF1PO,B,OL,303.46,3,OL,304.56,5,OL,312.59,4,9,314.28,7,OL,315.29,7,10,318.7,37,11,322.96,63,15,339.12,8,OL,339.91,8,,,,,,,,,,,,,,,,,,,,,,,,,,,,,,,,,,,,,,,,,,,,,,,,,,,,,,,,,,,,,,,,,,,,,,,,,,,,,,,,,,,,,,,,,,,,,,,,,,,,,,,,,,,,,,,,,,,,,,,,,,,,,,,,,,,,,,,,,,,,,,,,,,,,,,,,,,,,,,,,,,,,,,,,,,,,,,,,,,,,,,,,,,,,,,,,,,,,,,,,,,,,,,,,,,,,,,,,,,,,,,,,,,,,,,,,,,,,,,,,,,,,,,,,,,,,,,,,,,,,,,,,,,,,,,,,,
F05_RD14-0003-44_45_46_47-1;1;4;1-M2S30-0.217IP-Q3.3_002.20sec.fsa,D3S1358,G,OL,98.5,9,OL,103.86,8,OL,107.55,5,13,114.54,37,14,118.39,989,15,122.25,583,OL,123.43,37,16,126.48,112,OL,127.83,10,OL,128.93,9,17,130.12,64,OL,133.31,8,20,142.72,7,OL,143.37,5,,,,,,,,,,,,,,,,,,,,,,,,,,,,,,,,,,,,,,,,,,,,,,,,,,,,,,,,,,,,,,,,,,,,,,,,,,,,,,,,,,,,,,,,,,,,,,,,,,,,,,,,,,,,,,,,,,,,,,,,,,,,,,,,,,,,,,,,,,,,,,,,,,,,,,,,,,,,,,,,,,,,,,,,,,,,,,,,,,,,,,,,,,,,,,,,,,,,,,,,,,,,,,,,,,,,,,,,,,,,,,,,,,,,,,,,,,,,,,,,,,,,,,,,,,,,,,,,,,
F05_RD14-0003-44_45_46_47-1;1;4;1-M2S30-0.217IP-Q3.3_002.20sec.fsa,TH01,G,OL,158.58,21,6,168.65,112,7,172.7,150,8,177.01,15,9,180.76,439,9.3,183.64,16,OL,191.1,8,OL,195.67,10,OL,201.16,17,,,,,,,,,,,,,,,,,,,,,,,,,,,,,,,,,,,,,,,,,,,,,,,,,,,,,,,,,,,,,,,,,,,,,,,,,,,,,,,,,,,,,,,,,,,,,,,,,,,,,,,,,,,,,,,,,,,,,,,,,,,,,,,,,,,,,,,,,,,,,,,,,,,,,,,,,,,,,,,,,,,,,,,,,,,,,,,,,,,,,,,,,,,,,,,,,,,,,,,,,,,,,,,,,,,,,,,,,,,,,,,,,,,,,,,,,,,,,,,,,,,,,,,,,,,,,,,,,,,,,,,,,,,,,,,,,
F05_RD14-0003-44_45_46_47-1;1;4;1-M2S30-0.217IP-Q3.3_002.20sec.fsa,D13S317,G,OL,203.57,14,OL,212.99,11,8,215.2,138,OL,216.48,5,10,223.14,12,OL,224.66,8,11,227.04,12,12,231.3,305,OL,236.5,12,OL,245.49,4,,,,,,,,,,,,,,,,,,,,,,,,,,,,,,,,,,,,,,,,,,,,,,,,,,,,,,,,,,,,,,,,,,,,,,,,,,,,,,,,,,,,,,,,,,,,,,,,,,,,,,,,,,,,,,,,,,,,,,,,,,,,,,,,,,,,,,,,,,,,,,,,,,,,,,,,,,,,,,,,,,,,,,,,,,,,,,,,,,,,,,,,,,,,,,,,,,,,,,,,,,,,,,,,,,,,,,,,,,,,,,,,,,,,,,,,,,,,,,,,,,,,,,,,,,,,,,,,,,,,,,,,,,,,,,
F05_RD14-0003-44_45_46_47-1;1;4;1-M2S30-0.217IP-Q3.3_002.20sec.fsa,D16S539,G,OL,254.04,7,OL,261.03,4,OL,262.05,6,OL,265.66,8,10,270.99,7,11,275.31,52,OL,277.31,4,12,279.22,161,12.2,281.12,7,OL,282.42,5,OL,286.04,6,,,,,,,,,,,,,,,,,,,,,,,,,,,,,,,,,,,,,,,,,,,,,,,,,,,,,,,,,,,,,,,,,,,,,,,,,,,,,,,,,,,,,,,,,,,,,,,,,,,,,,,,,,,,,,,,,,,,,,,,,,,,,,,,,,,,,,,,,,,,,,,,,,,,,,,,,,,,,,,,,,,,,,,,,,,,,,,,,,,,,,,,,,,,,,,,,,,,,,,,,,,,,,,,,,,,,,,,,,,,,,,,,,,,,,,,,,,,,,,,,,,,,,,,,,,,,,,,,,,,,,,,,,,
F05_RD14-0003-44_45_46_47-1;1;4;1-M2S30-0.217IP-Q3.3_002.20sec.fsa,D2S1338,G,OL,307.47,5,OL,311.2,8,OL,311.98,5,20,325.29,12,22,333.21,6,OL,344.57,7,OL,359.37,6,OL,365.64,4,,,,,,,,,,,,,,,,,,,,,,,,,,,,,,,,,,,,,,,,,,,,,,,,,,,,,,,,,,,,,,,,,,,,,,,,,,,,,,,,,,,,,,,,,,,,,,,,,,,,,,,,,,,,,,,,,,,,,,,,,,,,,,,,,,,,,,,,,,,,,,,,,,,,,,,,,,,,,,,,,,,,,,,,,,,,,,,,,,,,,,,,,,,,,,,,,,,,,,,,,,,,,,,,,,,,,,,,,,,,,,,,,,,,,,,,,,,,,,,,,,,,,,,,,,,,,,,,,,,,,,,,,,,,,,,,,,,,
F05_RD14-0003-44_45_46_47-1;1;4;1-M2S30-0.217IP-Q3.3_002.20sec.fsa,D19S433,Y,9,99.84,16,10,104.11,442,OL,107.07,4,11,108.19,102,12,112.41,37,13,116.31,553,OL,117.31,14,14,120.23,116,14.2,122.18,158,15,124.13,58,OL,126.88,6,OL,134.59,4,18,136.36,14,OL,137.33,13,,,,,,,,,,,,,,,,,,,,,,,,,,,,,,,,,,,,,,,,,,,,,,,,,,,,,,,,,,,,,,,,,,,,,,,,,,,,,,,,,,,,,,,,,,,,,,,,,,,,,,,,,,,,,,,,,,,,,,,,,,,,,,,,,,,,,,,,,,,,,,,,,,,,,,,,,,,,,,,,,,,,,,,,,,,,,,,,,,,,,,,,,,,,,,,,,,,,,,,,,,,,,,,,,,,,,,,,,,,,,,,,,,,,,,,,,,,,,,,,,,,,,,,,,,,,,,,,,,
F05_RD14-0003-44_45_46_47-1;1;4;1-M2S30-0.217IP-Q3.3_002.20sec.fsa,vWA,Y,OL,146.84,15,12,155.9,17,13,160,143,15,168.24,17,16,172.21,315,17,176.1,19,18,180.34,168,20,188.47,62,OL,191.6,11,OL,197.2,9,OL,205.65,5,,,,,,,,,,,,,,,,,,,,,,,,,,,,,,,,,,,,,,,,,,,,,,,,,,,,,,,,,,,,,,,,,,,,,,,,,,,,,,,,,,,,,,,,,,,,,,,,,,,,,,,,,,,,,,,,,,,,,,,,,,,,,,,,,,,,,,,,,,,,,,,,,,,,,,,,,,,,,,,,,,,,,,,,,,,,,,,,,,,,,,,,,,,,,,,,,,,,,,,,,,,,,,,,,,,,,,,,,,,,,,,,,,,,,,,,,,,,,,,,,,,,,,,,,,,,,,,,,,,,,,,,,,,
F05_RD14-0003-44_45_46_47-1;1;4;1-M2S30-0.217IP-Q3.3_002.20sec.fsa,TPOX,Y,OL,215.45,6,OL,221.95,9,OL,225.43,4,8,228.83,227,10,236.75,27,11,240.61,23,OL,253.71,7,,,,,,,,,,,,,,,,,,,,,,,,,,,,,,,,,,,,,,,,,,,,,,,,,,,,,,,,,,,,,,,,,,,,,,,,,,,,,,,,,,,,,,,,,,,,,,,,,,,,,,,,,,,,,,,,,,,,,,,,,,,,,,,,,,,,,,,,,,,,,,,,,,,,,,,,,,,,,,,,,,,,,,,,,,,,,,,,,,,,,,,,,,,,,,,,,,,,,,,,,,,,,,,,,,,,,,,,,,,,,,,,,,,,,,,,,,,,,,,,,,,,,,,,,,,,,,,,,,,,,,,,,,,,,,,,,,,,,,,
F05_RD14-0003-44_45_46_47-1;1;4;1-M2S30-0.217IP-Q3.3_002.20sec.fsa,D18S51,Y,OL,264.2,10,14,288.8,7,15,293.11,28,OL,324.67,7,OL,332.68,4,OL,340.18,20,,,,,,,,,,,,,,,,,,,,,,,,,,,,,,,,,,,,,,,,,,,,,,,,,,,,,,,,,,,,,,,,,,,,,,,,,,,,,,,,,,,,,,,,,,,,,,,,,,,,,,,,,,,,,,,,,,,,,,,,,,,,,,,,,,,,,,,,,,,,,,,,,,,,,,,,,,,,,,,,,,,,,,,,,,,,,,,,,,,,,,,,,,,,,,,,,,,,,,,,,,,,,,,,,,,,,,,,,,,,,,,,,,,,,,,,,,,,,,,,,,,,,,,,,,,,,,,,,,,,,,,,,,,,,,,,,,,,,,,,,,
F05_RD14-0003-44_45_46_47-1;1;4;1-M2S30-0.217IP-Q3.3_002.20sec.fsa,AMEL,R,X,104.99,724,Y,110.9,704,,,,,,,,,,,,,,,,,,,,,,,,,,,,,,,,,,,,,,,,,,,,,,,,,,,,,,,,,,,,,,,,,,,,,,,,,,,,,,,,,,,,,,,,,,,,,,,,,,,,,,,,,,,,,,,,,,,,,,,,,,,,,,,,,,,,,,,,,,,,,,,,,,,,,,,,,,,,,,,,,,,,,,,,,,,,,,,,,,,,,,,,,,,,,,,,,,,,,,,,,,,,,,,,,,,,,,,,,,,,,,,,,,,,,,,,,,,,,,,,,,,,,,,,,,,,,,,,,,,,,,,,,,,,,,,,,,,,,,,,,,,,,,,,,,,,,,
F05_RD14-0003-44_45_46_47-1;1;4;1-M2S30-0.217IP-Q3.3_002.20sec.fsa,D5S818,R,OL,129.8,7,OL,132.03,9,9,140.66,9,10,144.78,35,11,148.91,767,12,152.98,192,13,157.15,61,OL,159.16,6,14,161.23,11,OL,174.03,7,OL,174.77,6,,,,,,,,,,,,,,,,,,,,,,,,,,,,,,,,,,,,,,,,,,,,,,,,,,,,,,,,,,,,,,,,,,,,,,,,,,,,,,,,,,,,,,,,,,,,,,,,,,,,,,,,,,,,,,,,,,,,,,,,,,,,,,,,,,,,,,,,,,,,,,,,,,,,,,,,,,,,,,,,,,,,,,,,,,,,,,,,,,,,,,,,,,,,,,,,,,,,,,,,,,,,,,,,,,,,,,,,,,,,,,,,,,,,,,,,,,,,,,,,,,,,,,,,,,,,,,,,,,,,,,,,,,,
F05_RD14-0003-44_45_46_47-1;1;4;1-M2S30-0.217IP-Q3.3_002.20sec.fsa,FGA,R,17,213.16,13,OL,215.8,5,OL,217.51,7,18.2,218.88,11,24,241.31,10,OL,244.1,6,25,245.49,67,OL,246.71,11,26,249.57,51,27,253.37,6,OL,272.89,7,OL,286.3,8,OL,291.47,7,OL,302.36,10,OL,317.96,7,44.2,324.04,4,,,,,,,,,,,,,,,,,,,,,,,,,,,,,,,,,,,,,,,,,,,,,,,,,,,,,,,,,,,,,,,,,,,,,,,,,,,,,,,,,,,,,,,,,,,,,,,,,,,,,,,,,,,,,,,,,,,,,,,,,,,,,,,,,,,,,,,,,,,,,,,,,,,,,,,,,,,,,,,,,,,,,,,,,,,,,,,,,,,,,,,,,,,,,,,,,,,,,,,,,,,,,,,,,,,,,,,,,,,,,,,,,,,,,,,,,,,,,,,,,,,,,,,,,,,,
G04_RD14-0003-40_41_42_43-1;1;1;1-M1S10-0.5IP-Q1.3_003.20sec.fsa,D8S1179,B,OL,112.43,5,OL,120.15,3,8,122.13,11,10,129.62,37,11,133.76,475,12,137.78,542,13,142.01,898,14,146.19,1368,15,150.31,297,16,154.91,4,OL,165.26,3,OL,165.96,5,OL,172.39,10,OL,176.66,11,,,,,,,,,,,,,,,,,,,,,,,,,,,,,,,,,,,,,,,,,,,,,,,,,,,,,,,,,,,,,,,,,,,,,,,,,,,,,,,,,,,,,,,,,,,,,,,,,,,,,,,,,,,,,,,,,,,,,,,,,,,,,,,,,,,,,,,,,,,,,,,,,,,,,,,,,,,,,,,,,,,,,,,,,,,,,,,,,,,,,,,,,,,,,,,,,,,,,,,,,,,,,,,,,,,,,,,,,,,,,,,,,,,,,,,,,,,,,,,,,,,,,,,,,,,,,,,,,,
G04_RD14-0003-40_41_42_43-1;1;1;1-M1S10-0.5IP-Q1.3_003.20sec.fsa,D21S11,B,23.2,180.47,6,26,190.39,14,27,194.57,372,28,198.66,221,29,202.64,665,30,206.68,346,30.2,208.7,18,31,210.65,309,31.2,212.67,271,33.2,220.47,4,34,222.82,14,35,226.82,123,36,231.23,27,37,235.33,16,OL,240.08,4,,,,,,,,,,,,,,,,,,,,,,,,,,,,,,,,,,,,,,,,,,,,,,,,,,,,,,,,,,,,,,,,,,,,,,,,,,,,,,,,,,,,,,,,,,,,,,,,,,,,,,,,,,,,,,,,,,,,,,,,,,,,,,,,,,,,,,,,,,,,,,,,,,,,,,,,,,,,,,,,,,,,,,,,,,,,,,,,,,,,,,,,,,,,,,,,,,,,,,,,,,,,,,,,,,,,,,,,,,,,,,,,,,,,,,,,,,,,,,,,,,,,,,,,,,,,,,,
G04_RD14-0003-40_41_42_43-1;1;1;1-M1S10-0.5IP-Q1.3_003.20sec.fsa,D7S820,B,OL,251.64,3,8,262.05,163,9,266.08,312,10,270.05,27,11,274.02,288,OL,278.96,5,OL,280.24,3,OL,283.01,8,,,,,,,,,,,,,,,,,,,,,,,,,,,,,,,,,,,,,,,,,,,,,,,,,,,,,,,,,,,,,,,,,,,,,,,,,,,,,,,,,,,,,,,,,,,,,,,,,,,,,,,,,,,,,,,,,,,,,,,,,,,,,,,,,,,,,,,,,,,,,,,,,,,,,,,,,,,,,,,,,,,,,,,,,,,,,,,,,,,,,,,,,,,,,,,,,,,,,,,,,,,,,,,,,,,,,,,,,,,,,,,,,,,,,,,,,,,,,,,,,,,,,,,,,,,,,,,,,,,,,,,,,,,,,,,,,,,,
G04_RD14-0003-40_41_42_43-1;1;1;1-M1S10-0.5IP-Q1.3_003.20sec.fsa,CSF1PO,B,OL,299.61,4,7,306.5,4,8,310.47,66,9,314.25,13,10,318.66,275,OL,324.42,1,12,326.79,127,OL,339.52,2,OL,340.33,5,,,,,,,,,,,,,,,,,,,,,,,,,,,,,,,,,,,,,,,,,,,,,,,,,,,,,,,,,,,,,,,,,,,,,,,,,,,,,,,,,,,,,,,,,,,,,,,,,,,,,,,,,,,,,,,,,,,,,,,,,,,,,,,,,,,,,,,,,,,,,,,,,,,,,,,,,,,,,,,,,,,,,,,,,,,,,,,,,,,,,,,,,,,,,,,,,,,,,,,,,,,,,,,,,,,,,,,,,,,,,,,,,,,,,,,,,,,,,,,,,,,,,,,,,,,,,,,,,,,,,,,,,,,,,,,,,
G04_RD14-0003-40_41_42_43-1;1;1;1-M1S10-0.5IP-Q1.3_003.20sec.fsa,D3S1358,G,11,106.32,6,14,118.27,189,15,122.2,2191,16,126.19,1317,17,130.37,850,OL,143.79,7,,,,,,,,,,,,,,,,,,,,,,,,,,,,,,,,,,,,,,,,,,,,,,,,,,,,,,,,,,,,,,,,,,,,,,,,,,,,,,,,,,,,,,,,,,,,,,,,,,,,,,,,,,,,,,,,,,,,,,,,,,,,,,,,,,,,,,,,,,,,,,,,,,,,,,,,,,,,,,,,,,,,,,,,,,,,,,,,,,,,,,,,,,,,,,,,,,,,,,,,,,,,,,,,,,,,,,,,,,,,,,,,,,,,,,,,,,,,,,,,,,,,,,,,,,,,,,,,,,,,,,,,,,,,,,,,,,,,,,,,,,
G04_RD14-0003-40_41_42_43-1;1;1;1-M1S10-0.5IP-Q1.3_003.20sec.fsa,TH01,G,OL,158.82,5,6,168.51,47,7,172.62,1229,8,176.66,1319,9,180.71,752,OL,182.6,7,9.3,183.86,1157,OL,186.69,3,OL,191.97,6,OL,196.22,5,,,,,,,,,,,,,,,,,,,,,,,,,,,,,,,,,,,,,,,,,,,,,,,,,,,,,,,,,,,,,,,,,,,,,,,,,,,,,,,,,,,,,,,,,,,,,,,,,,,,,,,,,,,,,,,,,,,,,,,,,,,,,,,,,,,,,,,,,,,,,,,,,,,,,,,,,,,,,,,,,,,,,,,,,,,,,,,,,,,,,,,,,,,,,,,,,,,,,,,,,,,,,,,,,,,,,,,,,,,,,,,,,,,,,,,,,,,,,,,,,,,,,,,,,,,,,,,,,,,,,,,,,,,,,,
G04_RD14-0003-40_41_42_43-1;1;1;1-M1S10-0.5IP-Q1.3_003.20sec.fsa,D13S317,G,OL,208.55,3,OL,220.16,5,10,223.13,19,11,227.21,385,12,231.23,1576,13,235.25,790,OL,238.65,4,OL,242.59,7,,,,,,,,,,,,,,,,,,,,,,,,,,,,,,,,,,,,,,,,,,,,,,,,,,,,,,,,,,,,,,,,,,,,,,,,,,,,,,,,,,,,,,,,,,,,,,,,,,,,,,,,,,,,,,,,,,,,,,,,,,,,,,,,,,,,,,,,,,,,,,,,,,,,,,,,,,,,,,,,,,,,,,,,,,,,,,,,,,,,,,,,,,,,,,,,,,,,,,,,,,,,,,,,,,,,,,,,,,,,,,,,,,,,,,,,,,,,,,,,,,,,,,,,,,,,,,,,,,,,,,,,,,,,,,,,,,,,
G04_RD14-0003-40_41_42_43-1;1;1;1-M1S10-0.5IP-Q1.3_003.20sec.fsa,D16S539,G,OL,252.73,3,OL,257.92,4,7,259.77,7,8,263.24,42,9,267.19,642,10,271.16,521,11,275.21,105,12,279.2,216,13,283.09,401,,,,,,,,,,,,,,,,,,,,,,,,,,,,,,,,,,,,,,,,,,,,,,,,,,,,,,,,,,,,,,,,,,,,,,,,,,,,,,,,,,,,,,,,,,,,,,,,,,,,,,,,,,,,,,,,,,,,,,,,,,,,,,,,,,,,,,,,,,,,,,,,,,,,,,,,,,,,,,,,,,,,,,,,,,,,,,,,,,,,,,,,,,,,,,,,,,,,,,,,,,,,,,,,,,,,,,,,,,,,,,,,,,,,,,,,,,,,,,,,,,,,,,,,,,,,,,,,,,,,,,,,,,,,,,,,,
G04_RD14-0003-40_41_42_43-1;1;1;1-M1S10-0.5IP-Q1.3_003.20sec.fsa,D2S1338,G,16,308.32,6,OL,313.28,6,18,316.83,18,19,320.98,258,20,324.99,113,21,329.07,40,22,333.05,359,23,337.09,170,OL,339.27,4,24,341.55,4,OL,342.85,5,OL,363.34,7,,,,,,,,,,,,,,,,,,,,,,,,,,,,,,,,,,,,,,,,,,,,,,,,,,,,,,,,,,,,,,,,,,,,,,,,,,,,,,,,,,,,,,,,,,,,,,,,,,,,,,,,,,,,,,,,,,,,,,,,,,,,,,,,,,,,,,,,,,,,,,,,,,,,,,,,,,,,,,,,,,,,,,,,,,,,,,,,,,,,,,,,,,,,,,,,,,,,,,,,,,,,,,,,,,,,,,,,,,,,,,,,,,,,,,,,,,,,,,,,,,,,,,,,,,,,,,,,,,,,,,,,
G04_RD14-0003-40_41_42_43-1;1;1;1-M1S10-0.5IP-Q1.3_003.20sec.fsa,D19S433,Y,OL,98.06,6,10,103.97,35,10.2,105.86,4,11,108.13,496,12,112.28,75,12.2,114.29,90,13,116.17,1189,13.2,118.2,971,14,120.07,1137,14.2,122.13,764,15.2,126.12,59,16.2,130,516,OL,139.16,7,OL,140,12,,,,,,,,,,,,,,,,,,,,,,,,,,,,,,,,,,,,,,,,,,,,,,,,,,,,,,,,,,,,,,,,,,,,,,,,,,,,,,,,,,,,,,,,,,,,,,,,,,,,,,,,,,,,,,,,,,,,,,,,,,,,,,,,,,,,,,,,,,,,,,,,,,,,,,,,,,,,,,,,,,,,,,,,,,,,,,,,,,,,,,,,,,,,,,,,,,,,,,,,,,,,,,,,,,,,,,,,,,,,,,,,,,,,,,,,,,,,,,,,,,,,,,,,,,,,,,,,,,
G04_RD14-0003-40_41_42_43-1;1;1;1-M1S10-0.5IP-Q1.3_003.20sec.fsa,vWA,Y,OL,146.11,18,OL,152.72,14,13,159.92,556,15,168.13,383,15.2,170.14,6,16,172.23,366,17,176.27,998,18,180.31,243,19,184.33,296,23,200.16,5,OL,207.92,7,,,,,,,,,,,,,,,,,,,,,,,,,,,,,,,,,,,,,,,,,,,,,,,,,,,,,,,,,,,,,,,,,,,,,,,,,,,,,,,,,,,,,,,,,,,,,,,,,,,,,,,,,,,,,,,,,,,,,,,,,,,,,,,,,,,,,,,,,,,,,,,,,,,,,,,,,,,,,,,,,,,,,,,,,,,,,,,,,,,,,,,,,,,,,,,,,,,,,,,,,,,,,,,,,,,,,,,,,,,,,,,,,,,,,,,,,,,,,,,,,,,,,,,,,,,,,,,,,,,,,,,,,,,
G04_RD14-0003-40_41_42_43-1;1;1;1-M1S10-0.5IP-Q1.3_003.20sec.fsa,TPOX,Y,7,224.46,22,8,228.63,1213,9,232.33,20,OL,234.22,12,10,236.67,296,OL,239.05,7,11,240.65,159,12,244.77,97,OL,247.59,7,OL,249.76,8,OL,256.22,6,,,,,,,,,,,,,,,,,,,,,,,,,,,,,,,,,,,,,,,,,,,,,,,,,,,,,,,,,,,,,,,,,,,,,,,,,,,,,,,,,,,,,,,,,,,,,,,,,,,,,,,,,,,,,,,,,,,,,,,,,,,,,,,,,,,,,,,,,,,,,,,,,,,,,,,,,,,,,,,,,,,,,,,,,,,,,,,,,,,,,,,,,,,,,,,,,,,,,,,,,,,,,,,,,,,,,,,,,,,,,,,,,,,,,,,,,,,,,,,,,,,,,,,,,,,,,,,,,,,,,,,,,,,
G04_RD14-0003-40_41_42_43-1;1;1;1-M1S10-0.5IP-Q1.3_003.20sec.fsa,D18S51,Y,8,264.5,5,OL,265.77,11,OL,269.49,8,OL,274.18,9,12,281.03,187,13,284.98,33,14,288.78,18,15,293.05,155,16,297,10,17,301.09,69,18,305.08,240,19,309.12,215,OL,316.49,10,21,317.33,10,OL,320,10,OL,340.33,10,,,,,,,,,,,,,,,,,,,,,,,,,,,,,,,,,,,,,,,,,,,,,,,,,,,,,,,,,,,,,,,,,,,,,,,,,,,,,,,,,,,,,,,,,,,,,,,,,,,,,,,,,,,,,,,,,,,,,,,,,,,,,,,,,,,,,,,,,,,,,,,,,,,,,,,,,,,,,,,,,,,,,,,,,,,,,,,,,,,,,,,,,,,,,,,,,,,,,,,,,,,,,,,,,,,,,,,,,,,,,,,,,,,,,,,,,,,,,,,,,,,,,,,,,,,,
G04_RD14-0003-40_41_42_43-1;1;1;1-M1S10-0.5IP-Q1.3_003.20sec.fsa,AMEL,R,X,104.95,3581,Y,110.85,1592,,,,,,,,,,,,,,,,,,,,,,,,,,,,,,,,,,,,,,,,,,,,,,,,,,,,,,,,,,,,,,,,,,,,,,,,,,,,,,,,,,,,,,,,,,,,,,,,,,,,,,,,,,,,,,,,,,,,,,,,,,,,,,,,,,,,,,,,,,,,,,,,,,,,,,,,,,,,,,,,,,,,,,,,,,,,,,,,,,,,,,,,,,,,,,,,,,,,,,,,,,,,,,,,,,,,,,,,,,,,,,,,,,,,,,,,,,,,,,,,,,,,,,,,,,,,,,,,,,,,,,,,,,,,,,,,,,,,,,,,,,,,,,,,,,,,,,
G04_RD14-0003-40_41_42_43-1;1;1;1-M1S10-0.5IP-Q1.3_003.20sec.fsa,D5S818,R,OL,129.77,6,OL,133.31,12,OL,134.97,9,OL,138.39,8,10,144.72,56,11,148.83,1039,12,152.96,1125,13,157.1,624,14,160.93,14,17,172.85,13,OL,175.11,12,OL,178.13,13,,,,,,,,,,,,,,,,,,,,,,,,,,,,,,,,,,,,,,,,,,,,,,,,,,,,,,,,,,,,,,,,,,,,,,,,,,,,,,,,,,,,,,,,,,,,,,,,,,,,,,,,,,,,,,,,,,,,,,,,,,,,,,,,,,,,,,,,,,,,,,,,,,,,,,,,,,,,,,,,,,,,,,,,,,,,,,,,,,,,,,,,,,,,,,,,,,,,,,,,,,,,,,,,,,,,,,,,,,,,,,,,,,,,,,,,,,,,,,,,,,,,,,,,,,,,,,,,,,,,,,,,
G04_RD14-0003-40_41_42_43-1;1;1;1-M1S10-0.5IP-Q1.3_003.20sec.fsa,FGA,R,OL,217.47,7,19,221.02,12,20,225.09,135,21,229.18,406,22,233.12,101,22.2,235.25,16,26,249.6,84,27,253.58,136,28,257.69,144,OL,262.29,7,OL,276.49,8,OL,277.92,5,OL,282.93,9,OL,296.6,4,OL,309.91,10,OL,315,11,OL,322.62,7,OL,325.07,11,OL,339.03,5,48.2,340.08,2,49.2,344.49,7,OL,358.12,5,,,,,,,,,,,,,,,,,,,,,,,,,,,,,,,,,,,,,,,,,,,,,,,,,,,,,,,,,,,,,,,,,,,,,,,,,,,,,,,,,,,,,,,,,,,,,,,,,,,,,,,,,,,,,,,,,,,,,,,,,,,,,,,,,,,,,,,,,,,,,,,,,,,,,,,,,,,,,,,,,,,,,,,,,,,,,,,,,,,,,,,,,,,,,,,,,,,,,,,,,,,,,,,,,,,,,,,,,,,,,,,,,,,,,,,,,,
G05_RD14-0003-44_45_46_47-1;1;4;1-M2S30-0.105IP-Q3.3_003.20sec.fsa,D8S1179,B,OL,116.69,4,OL,117.08,3,OL,118.23,5,OL,119.23,3,OL,124.76,5,10,129.65,66,11,133.71,129,13,142.06,76,14,146.1,205,18,162.64,4,OL,175.61,5,,,,,,,,,,,,,,,,,,,,,,,,,,,,,,,,,,,,,,,,,,,,,,,,,,,,,,,,,,,,,,,,,,,,,,,,,,,,,,,,,,,,,,,,,,,,,,,,,,,,,,,,,,,,,,,,,,,,,,,,,,,,,,,,,,,,,,,,,,,,,,,,,,,,,,,,,,,,,,,,,,,,,,,,,,,,,,,,,,,,,,,,,,,,,,,,,,,,,,,,,,,,,,,,,,,,,,,,,,,,,,,,,,,,,,,,,,,,,,,,,,,,,,,,,,,,,,,,,,,,,,,,,,,
G05_RD14-0003-44_45_46_47-1;1;4;1-M2S30-0.105IP-Q3.3_003.20sec.fsa,D21S11,B,27,194.68,30,30.2,208.17,3,31.2,212.66,4,32,214.26,3,32.2,216.74,26,OL,221.7,4,OL,228.06,5,36,230.79,6,OL,240.17,4,,,,,,,,,,,,,,,,,,,,,,,,,,,,,,,,,,,,,,,,,,,,,,,,,,,,,,,,,,,,,,,,,,,,,,,,,,,,,,,,,,,,,,,,,,,,,,,,,,,,,,,,,,,,,,,,,,,,,,,,,,,,,,,,,,,,,,,,,,,,,,,,,,,,,,,,,,,,,,,,,,,,,,,,,,,,,,,,,,,,,,,,,,,,,,,,,,,,,,,,,,,,,,,,,,,,,,,,,,,,,,,,,,,,,,,,,,,,,,,,,,,,,,,,,,,,,,,,,,,,,,,,,,,,,,,,,
G05_RD14-0003-44_45_46_47-1;1;4;1-M2S30-0.105IP-Q3.3_003.20sec.fsa,D7S820,B,OL,247.83,1,OL,248.7,4,OL,256.06,4,7,258.24,3,10,270.18,44,OL,272.5,4,OL,275.6,2,OL,279.48,4,,,,,,,,,,,,,,,,,,,,,,,,,,,,,,,,,,,,,,,,,,,,,,,,,,,,,,,,,,,,,,,,,,,,,,,,,,,,,,,,,,,,,,,,,,,,,,,,,,,,,,,,,,,,,,,,,,,,,,,,,,,,,,,,,,,,,,,,,,,,,,,,,,,,,,,,,,,,,,,,,,,,,,,,,,,,,,,,,,,,,,,,,,,,,,,,,,,,,,,,,,,,,,,,,,,,,,,,,,,,,,,,,,,,,,,,,,,,,,,,,,,,,,,,,,,,,,,,,,,,,,,,,,,,,,,,,,,,
G05_RD14-0003-44_45_46_47-1;1;4;1-M2S30-0.105IP-Q3.3_003.20sec.fsa,CSF1PO,B,OL,304.64,5,8,310.76,2,10,318.79,6,10.2,320.36,5,11,322.87,68,OL,325.1,2,OL,329.01,10,,,,,,,,,,,,,,,,,,,,,,,,,,,,,,,,,,,,,,,,,,,,,,,,,,,,,,,,,,,,,,,,,,,,,,,,,,,,,,,,,,,,,,,,,,,,,,,,,,,,,,,,,,,,,,,,,,,,,,,,,,,,,,,,,,,,,,,,,,,,,,,,,,,,,,,,,,,,,,,,,,,,,,,,,,,,,,,,,,,,,,,,,,,,,,,,,,,,,,,,,,,,,,,,,,,,,,,,,,,,,,,,,,,,,,,,,,,,,,,,,,,,,,,,,,,,,,,,,,,,,,,,,,,,,,,,,,,,,,,
G05_RD14-0003-44_45_46_47-1;1;4;1-M2S30-0.105IP-Q3.3_003.20sec.fsa,D3S1358,G,OL,98.34,6,OL,104.96,4,11,105.91,8,OL,107.11,5,13,114.46,14,OL,115.16,11,14,118.39,261,15,122.25,575,16,126.25,10,17,130.2,44,OL,139.92,6,,,,,,,,,,,,,,,,,,,,,,,,,,,,,,,,,,,,,,,,,,,,,,,,,,,,,,,,,,,,,,,,,,,,,,,,,,,,,,,,,,,,,,,,,,,,,,,,,,,,,,,,,,,,,,,,,,,,,,,,,,,,,,,,,,,,,,,,,,,,,,,,,,,,,,,,,,,,,,,,,,,,,,,,,,,,,,,,,,,,,,,,,,,,,,,,,,,,,,,,,,,,,,,,,,,,,,,,,,,,,,,,,,,,,,,,,,,,,,,,,,,,,,,,,,,,,,,,,,,,,,,,,,,
G05_RD14-0003-44_45_46_47-1;1;4;1-M2S30-0.105IP-Q3.3_003.20sec.fsa,TH01,G,OL,166.59,6,6,168.66,163,7,172.71,256,9,180.84,41,OL,190.38,5,12,192.49,6,,,,,,,,,,,,,,,,,,,,,,,,,,,,,,,,,,,,,,,,,,,,,,,,,,,,,,,,,,,,,,,,,,,,,,,,,,,,,,,,,,,,,,,,,,,,,,,,,,,,,,,,,,,,,,,,,,,,,,,,,,,,,,,,,,,,,,,,,,,,,,,,,,,,,,,,,,,,,,,,,,,,,,,,,,,,,,,,,,,,,,,,,,,,,,,,,,,,,,,,,,,,,,,,,,,,,,,,,,,,,,,,,,,,,,,,,,,,,,,,,,,,,,,,,,,,,,,,,,,,,,,,,,,,,,,,,,,,,,,,,,
G05_RD14-0003-44_45_46_47-1;1;4;1-M2S30-0.105IP-Q3.3_003.20sec.fsa,D13S317,G,12,231.3,133,13,235.39,47,,,,,,,,,,,,,,,,,,,,,,,,,,,,,,,,,,,,,,,,,,,,,,,,,,,,,,,,,,,,,,,,,,,,,,,,,,,,,,,,,,,,,,,,,,,,,,,,,,,,,,,,,,,,,,,,,,,,,,,,,,,,,,,,,,,,,,,,,,,,,,,,,,,,,,,,,,,,,,,,,,,,,,,,,,,,,,,,,,,,,,,,,,,,,,,,,,,,,,,,,,,,,,,,,,,,,,,,,,,,,,,,,,,,,,,,,,,,,,,,,,,,,,,,,,,,,,,,,,,,,,,,,,,,,,,,,,,,,,,,,,,,,,,,,,,,,,
G05_RD14-0003-44_45_46_47-1;1;4;1-M2S30-0.105IP-Q3.3_003.20sec.fsa,D16S539,G,OL,252.78,5,OL,259,6,OL,267.86,5,10,271.38,98,11,275.34,13,12,279.22,127,OL,288.93,4,OL,290.21,6,15,290.99,6,,,,,,,,,,,,,,,,,,,,,,,,,,,,,,,,,,,,,,,,,,,,,,,,,,,,,,,,,,,,,,,,,,,,,,,,,,,,,,,,,,,,,,,,,,,,,,,,,,,,,,,,,,,,,,,,,,,,,,,,,,,,,,,,,,,,,,,,,,,,,,,,,,,,,,,,,,,,,,,,,,,,,,,,,,,,,,,,,,,,,,,,,,,,,,,,,,,,,,,,,,,,,,,,,,,,,,,,,,,,,,,,,,,,,,,,,,,,,,,,,,,,,,,,,,,,,,,,,,,,,,,,,,,,,,,,,
G05_RD14-0003-44_45_46_47-1;1;4;1-M2S30-0.105IP-Q3.3_003.20sec.fsa,D2S1338,G,15,305.24,5,OL,309.63,6,OL,310.5,5,OL,317.59,15,OL,328.48,10,OL,346.42,8,OL,364,7,,,,,,,,,,,,,,,,,,,,,,,,,,,,,,,,,,,,,,,,,,,,,,,,,,,,,,,,,,,,,,,,,,,,,,,,,,,,,,,,,,,,,,,,,,,,,,,,,,,,,,,,,,,,,,,,,,,,,,,,,,,,,,,,,,,,,,,,,,,,,,,,,,,,,,,,,,,,,,,,,,,,,,,,,,,,,,,,,,,,,,,,,,,,,,,,,,,,,,,,,,,,,,,,,,,,,,,,,,,,,,,,,,,,,,,,,,,,,,,,,,,,,,,,,,,,,,,,,,,,,,,,,,,,,,,,,,,,,,,
G05_RD14-0003-44_45_46_47-1;1;4;1-M2S30-0.105IP-Q3.3_003.20sec.fsa,D19S433,Y,9,100.16,12,10,104,211,OL,105.44,7,OL,106.79,9,OL,110.84,8,13,116.23,85,13.2,118.16,12,14,120.16,34,14.2,122.25,57,15,124.13,30,,,,,,,,,,,,,,,,,,,,,,,,,,,,,,,,,,,,,,,,,,,,,,,,,,,,,,,,,,,,,,,,,,,,,,,,,,,,,,,,,,,,,,,,,,,,,,,,,,,,,,,,,,,,,,,,,,,,,,,,,,,,,,,,,,,,,,,,,,,,,,,,,,,,,,,,,,,,,,,,,,,,,,,,,,,,,,,,,,,,,,,,,,,,,,,,,,,,,,,,,,,,,,,,,,,,,,,,,,,,,,,,,,,,,,,,,,,,,,,,,,,,,,,,,,,,,,,,,,,,,,,,,,,,,,
G05_RD14-0003-44_45_46_47-1;1;4;1-M2S30-0.105IP-Q3.3_003.20sec.fsa,vWA,Y,14,164.61,10,16,172.21,169,18,180.34,88,19,184.47,11,20,188.52,32,OL,199.83,11,,,,,,,,,,,,,,,,,,,,,,,,,,,,,,,,,,,,,,,,,,,,,,,,,,,,,,,,,,,,,,,,,,,,,,,,,,,,,,,,,,,,,,,,,,,,,,,,,,,,,,,,,,,,,,,,,,,,,,,,,,,,,,,,,,,,,,,,,,,,,,,,,,,,,,,,,,,,,,,,,,,,,,,,,,,,,,,,,,,,,,,,,,,,,,,,,,,,,,,,,,,,,,,,,,,,,,,,,,,,,,,,,,,,,,,,,,,,,,,,,,,,,,,,,,,,,,,,,,,,,,,,,,,,,,,,,,,,,,,,,,
G05_RD14-0003-44_45_46_47-1;1;4;1-M2S30-0.105IP-Q3.3_003.20sec.fsa,TPOX,Y,OL,218.71,6,OL,219.83,7,OL,222.37,7,8,228.66,30,OL,230.62,9,11,240.87,34,,,,,,,,,,,,,,,,,,,,,,,,,,,,,,,,,,,,,,,,,,,,,,,,,,,,,,,,,,,,,,,,,,,,,,,,,,,,,,,,,,,,,,,,,,,,,,,,,,,,,,,,,,,,,,,,,,,,,,,,,,,,,,,,,,,,,,,,,,,,,,,,,,,,,,,,,,,,,,,,,,,,,,,,,,,,,,,,,,,,,,,,,,,,,,,,,,,,,,,,,,,,,,,,,,,,,,,,,,,,,,,,,,,,,,,,,,,,,,,,,,,,,,,,,,,,,,,,,,,,,,,,,,,,,,,,,,,,,,,,,,
G05_RD14-0003-44_45_46_47-1;1;4;1-M2S30-0.105IP-Q3.3_003.20sec.fsa,D18S51,Y,10,273.36,6,OL,280.26,8,OL,289.96,9,OL,290.56,8,15,293.3,9,OL,300.34,9,OL,301.85,7,18,305.07,29,21,316.85,8,OL,319.91,9,25,334.22,5,OL,336.59,7,OL,340,12,OL,342.58,10,,,,,,,,,,,,,,,,,,,,,,,,,,,,,,,,,,,,,,,,,,,,,,,,,,,,,,,,,,,,,,,,,,,,,,,,,,,,,,,,,,,,,,,,,,,,,,,,,,,,,,,,,,,,,,,,,,,,,,,,,,,,,,,,,,,,,,,,,,,,,,,,,,,,,,,,,,,,,,,,,,,,,,,,,,,,,,,,,,,,,,,,,,,,,,,,,,,,,,,,,,,,,,,,,,,,,,,,,,,,,,,,,,,,,,,,,,,,,,,,,,,,,,,,,,,,,,,,,,
G05_RD14-0003-44_45_46_47-1;1;4;1-M2S30-0.105IP-Q3.3_003.20sec.fsa,AMEL,R,X,104.96,578,OL,109.17,5,Y,110.84,392,,,,,,,,,,,,,,,,,,,,,,,,,,,,,,,,,,,,,,,,,,,,,,,,,,,,,,,,,,,,,,,,,,,,,,,,,,,,,,,,,,,,,,,,,,,,,,,,,,,,,,,,,,,,,,,,,,,,,,,,,,,,,,,,,,,,,,,,,,,,,,,,,,,,,,,,,,,,,,,,,,,,,,,,,,,,,,,,,,,,,,,,,,,,,,,,,,,,,,,,,,,,,,,,,,,,,,,,,,,,,,,,,,,,,,,,,,,,,,,,,,,,,,,,,,,,,,,,,,,,,,,,,,,,,,,,,,,,,,,,,,,,,,,,,,,
G05_RD14-0003-44_45_46_47-1;1;4;1-M2S30-0.105IP-Q3.3_003.20sec.fsa,D5S818,R,OL,136.04,4,9,140.99,10,OL,143.62,9,10,144.86,17,11,148.91,249,12,153.15,31,OL,163.95,8,,,,,,,,,,,,,,,,,,,,,,,,,,,,,,,,,,,,,,,,,,,,,,,,,,,,,,,,,,,,,,,,,,,,,,,,,,,,,,,,,,,,,,,,,,,,,,,,,,,,,,,,,,,,,,,,,,,,,,,,,,,,,,,,,,,,,,,,,,,,,,,,,,,,,,,,,,,,,,,,,,,,,,,,,,,,,,,,,,,,,,,,,,,,,,,,,,,,,,,,,,,,,,,,,,,,,,,,,,,,,,,,,,,,,,,,,,,,,,,,,,,,,,,,,,,,,,,,,,,,,,,,,,,,,,,,,,,,,,,
G05_RD14-0003-44_45_46_47-1;1;4;1-M2S30-0.105IP-Q3.3_003.20sec.fsa,FGA,R,OL,213.33,10,17.2,214.43,7,OL,217.51,8,OL,218.28,8,21,229.17,30,24,241.4,61,25,245.49,78,26,249.65,51,OL,258.75,6,OL,309.46,11,OL,310.32,13,OL,317.59,9,43.2,320.63,11,OL,326.7,4,OL,343.21,10,OL,347.76,7,OL,349.81,7,,,,,,,,,,,,,,,,,,,,,,,,,,,,,,,,,,,,,,,,,,,,,,,,,,,,,,,,,,,,,,,,,,,,,,,,,,,,,,,,,,,,,,,,,,,,,,,,,,,,,,,,,,,,,,,,,,,,,,,,,,,,,,,,,,,,,,,,,,,,,,,,,,,,,,,,,,,,,,,,,,,,,,,,,,,,,,,,,,,,,,,,,,,,,,,,,,,,,,,,,,,,,,,,,,,,,,,,,,,,,,,,,,,,,,,,,,,,,,,,,,,,,,,,,
H04_RD14-0003-40_41_42_43-1;1;1;1-M2S10-0.252IP-Q1.3_004.20sec.fsa,D8S1179,B,OL,116.32,2,OL,120.07,3,OL,122.99,14,OL,128.52,2,10,129.7,19,11,133.73,345,12,137.8,486,13,142.01,690,14,146.19,1014,15,150.31,227,OL,160.15,5,OL,161.23,3,18,162.38,4,OL,166.23,4,OL,169.53,4,OL,170.23,3,OL,172.38,7,OL,176.54,8,,,,,,,,,,,,,,,,,,,,,,,,,,,,,,,,,,,,,,,,,,,,,,,,,,,,,,,,,,,,,,,,,,,,,,,,,,,,,,,,,,,,,,,,,,,,,,,,,,,,,,,,,,,,,,,,,,,,,,,,,,,,,,,,,,,,,,,,,,,,,,,,,,,,,,,,,,,,,,,,,,,,,,,,,,,,,,,,,,,,,,,,,,,,,,,,,,,,,,,,,,,,,,,,,,,,,,,,,,,,,,,,,,,,,,,,,,,,,,,,,,,,,,
H04_RD14-0003-40_41_42_43-1;1;1;1-M2S10-0.252IP-Q1.3_004.20sec.fsa,D21S11,B,26,190.32,8,27,194.61,213,28,198.59,193,29,202.59,163,30,206.58,272,30.2,208.58,10,31,210.59,209,31.2,212.6,204,32,214.64,32,34,222.89,12,35,226.96,131,36,231.18,8,37,235.24,4,38,238.52,4,OL,239.92,4,39,242.81,2,,,,,,,,,,,,,,,,,,,,,,,,,,,,,,,,,,,,,,,,,,,,,,,,,,,,,,,,,,,,,,,,,,,,,,,,,,,,,,,,,,,,,,,,,,,,,,,,,,,,,,,,,,,,,,,,,,,,,,,,,,,,,,,,,,,,,,,,,,,,,,,,,,,,,,,,,,,,,,,,,,,,,,,,,,,,,,,,,,,,,,,,,,,,,,,,,,,,,,,,,,,,,,,,,,,,,,,,,,,,,,,,,,,,,,,,,,,,,,,,,,,,,,,,,,,,
H04_RD14-0003-40_41_42_43-1;1;1;1-M2S10-0.252IP-Q1.3_004.20sec.fsa,D7S820,B,8,262.11,30,9,266.03,127,10,270.12,15,11,274.07,305,OL,279.84,5,OL,285.1,2,OL,288.79,2,,,,,,,,,,,,,,,,,,,,,,,,,,,,,,,,,,,,,,,,,,,,,,,,,,,,,,,,,,,,,,,,,,,,,,,,,,,,,,,,,,,,,,,,,,,,,,,,,,,,,,,,,,,,,,,,,,,,,,,,,,,,,,,,,,,,,,,,,,,,,,,,,,,,,,,,,,,,,,,,,,,,,,,,,,,,,,,,,,,,,,,,,,,,,,,,,,,,,,,,,,,,,,,,,,,,,,,,,,,,,,,,,,,,,,,,,,,,,,,,,,,,,,,,,,,,,,,,,,,,,,,,,,,,,,,,,,,,,,,
H04_RD14-0003-40_41_42_43-1;1;1;1-M2S10-0.252IP-Q1.3_004.20sec.fsa,CSF1PO,B,OL,308.67,2,8,310.41,118,9,314.34,9,OL,315.85,3,10,318.64,184,11,322.77,26,12,326.82,545,OL,335.8,2,15,338.58,3,,,,,,,,,,,,,,,,,,,,,,,,,,,,,,,,,,,,,,,,,,,,,,,,,,,,,,,,,,,,,,,,,,,,,,,,,,,,,,,,,,,,,,,,,,,,,,,,,,,,,,,,,,,,,,,,,,,,,,,,,,,,,,,,,,,,,,,,,,,,,,,,,,,,,,,,,,,,,,,,,,,,,,,,,,,,,,,,,,,,,,,,,,,,,,,,,,,,,,,,,,,,,,,,,,,,,,,,,,,,,,,,,,,,,,,,,,,,,,,,,,,,,,,,,,,,,,,,,,,,,,,,,,,,,,,,,
H04_RD14-0003-40_41_42_43-1;1;1;1-M2S10-0.252IP-Q1.3_004.20sec.fsa,D3S1358,G,OL,99.4,6,14,118.27,82,15,122.19,1402,16,126.22,891,17,130.37,671,18,134.11,7,OL,137.72,5,19,138.86,7,,,,,,,,,,,,,,,,,,,,,,,,,,,,,,,,,,,,,,,,,,,,,,,,,,,,,,,,,,,,,,,,,,,,,,,,,,,,,,,,,,,,,,,,,,,,,,,,,,,,,,,,,,,,,,,,,,,,,,,,,,,,,,,,,,,,,,,,,,,,,,,,,,,,,,,,,,,,,,,,,,,,,,,,,,,,,,,,,,,,,,,,,,,,,,,,,,,,,,,,,,,,,,,,,,,,,,,,,,,,,,,,,,,,,,,,,,,,,,,,,,,,,,,,,,,,,,,,,,,,,,,,,,,,,,,,,,,,
H04_RD14-0003-40_41_42_43-1;1;1;1-M2S10-0.252IP-Q1.3_004.20sec.fsa,TH01,G,5,164.15,4,5.3,167.23,4,6,168.53,23,7,172.61,990,OL,174,6,8,176.69,744,9,180.7,550,OL,182.66,1,9.3,183.83,502,,,,,,,,,,,,,,,,,,,,,,,,,,,,,,,,,,,,,,,,,,,,,,,,,,,,,,,,,,,,,,,,,,,,,,,,,,,,,,,,,,,,,,,,,,,,,,,,,,,,,,,,,,,,,,,,,,,,,,,,,,,,,,,,,,,,,,,,,,,,,,,,,,,,,,,,,,,,,,,,,,,,,,,,,,,,,,,,,,,,,,,,,,,,,,,,,,,,,,,,,,,,,,,,,,,,,,,,,,,,,,,,,,,,,,,,,,,,,,,,,,,,,,,,,,,,,,,,,,,,,,,,,,,,,,,,,
H04_RD14-0003-40_41_42_43-1;1;1;1-M2S10-0.252IP-Q1.3_004.20sec.fsa,D13S317,G,OL,205.96,6,OL,217.52,5,10,223.21,8,11,227.27,230,12,231.33,803,OL,233.21,4,13,235.32,205,OL,240.8,3,OL,246.09,3,,,,,,,,,,,,,,,,,,,,,,,,,,,,,,,,,,,,,,,,,,,,,,,,,,,,,,,,,,,,,,,,,,,,,,,,,,,,,,,,,,,,,,,,,,,,,,,,,,,,,,,,,,,,,,,,,,,,,,,,,,,,,,,,,,,,,,,,,,,,,,,,,,,,,,,,,,,,,,,,,,,,,,,,,,,,,,,,,,,,,,,,,,,,,,,,,,,,,,,,,,,,,,,,,,,,,,,,,,,,,,,,,,,,,,,,,,,,,,,,,,,,,,,,,,,,,,,,,,,,,,,,,,,,,,,,,
H04_RD14-0003-40_41_42_43-1;1;1;1-M2S10-0.252IP-Q1.3_004.20sec.fsa,D16S539,G,OL,253.63,4,6,255.94,5,OL,257.01,4,OL,257.78,2,9,267.21,189,10,271.15,215,11,275.17,124,12,279.21,55,13,283.14,143,OL,286.2,4,15,290.99,4,,,,,,,,,,,,,,,,,,,,,,,,,,,,,,,,,,,,,,,,,,,,,,,,,,,,,,,,,,,,,,,,,,,,,,,,,,,,,,,,,,,,,,,,,,,,,,,,,,,,,,,,,,,,,,,,,,,,,,,,,,,,,,,,,,,,,,,,,,,,,,,,,,,,,,,,,,,,,,,,,,,,,,,,,,,,,,,,,,,,,,,,,,,,,,,,,,,,,,,,,,,,,,,,,,,,,,,,,,,,,,,,,,,,,,,,,,,,,,,,,,,,,,,,,,,,,,,,,,,,,,,,,,,
H04_RD14-0003-40_41_42_43-1;1;1;1-M2S10-0.252IP-Q1.3_004.20sec.fsa,D2S1338,G,OL,303.91,5,19,320.98,117,20,325.04,210,21,329.08,9,22,333.09,144,23,337.07,124,24,340.89,5,25,345.03,38,OL,354.38,3,OL,358.05,6,,,,,,,,,,,,,,,,,,,,,,,,,,,,,,,,,,,,,,,,,,,,,,,,,,,,,,,,,,,,,,,,,,,,,,,,,,,,,,,,,,,,,,,,,,,,,,,,,,,,,,,,,,,,,,,,,,,,,,,,,,,,,,,,,,,,,,,,,,,,,,,,,,,,,,,,,,,,,,,,,,,,,,,,,,,,,,,,,,,,,,,,,,,,,,,,,,,,,,,,,,,,,,,,,,,,,,,,,,,,,,,,,,,,,,,,,,,,,,,,,,,,,,,,,,,,,,,,,,,,,,,,,,,,,,
H04_RD14-0003-40_41_42_43-1;1;1;1-M2S10-0.252IP-Q1.3_004.20sec.fsa,D19S433,Y,OL,95.32,12,OL,102.79,6,10,103.77,18,11,108.12,301,12,112.22,40,12.2,114.22,26,13,116.17,662,13.2,118.2,379,14,120.07,657,14.2,122.11,271,15.2,126.08,62,16.2,130,358,,,,,,,,,,,,,,,,,,,,,,,,,,,,,,,,,,,,,,,,,,,,,,,,,,,,,,,,,,,,,,,,,,,,,,,,,,,,,,,,,,,,,,,,,,,,,,,,,,,,,,,,,,,,,,,,,,,,,,,,,,,,,,,,,,,,,,,,,,,,,,,,,,,,,,,,,,,,,,,,,,,,,,,,,,,,,,,,,,,,,,,,,,,,,,,,,,,,,,,,,,,,,,,,,,,,,,,,,,,,,,,,,,,,,,,,,,,,,,,,,,,,,,,,,,,,,,,,,,,,,,,,
H04_RD14-0003-40_41_42_43-1;1;1;1-M2S10-0.252IP-Q1.3_004.20sec.fsa,vWA,Y,OL,149.53,9,OL,152.8,15,12,155.85,8,13,160,183,15,168.15,155,16,172.3,261,17,176.3,619,OL,178.69,7,18,180.31,159,19,184.38,104,OL,203.59,4,OL,205.58,4,,,,,,,,,,,,,,,,,,,,,,,,,,,,,,,,,,,,,,,,,,,,,,,,,,,,,,,,,,,,,,,,,,,,,,,,,,,,,,,,,,,,,,,,,,,,,,,,,,,,,,,,,,,,,,,,,,,,,,,,,,,,,,,,,,,,,,,,,,,,,,,,,,,,,,,,,,,,,,,,,,,,,,,,,,,,,,,,,,,,,,,,,,,,,,,,,,,,,,,,,,,,,,,,,,,,,,,,,,,,,,,,,,,,,,,,,,,,,,,,,,,,,,,,,,,,,,,,,,,,,,,,
H04_RD14-0003-40_41_42_43-1;1;1;1-M2S10-0.252IP-Q1.3_004.20sec.fsa,TPOX,Y,OL,213.15,10,OL,219.52,3,7,224.77,21,8,228.68,1014,9,232.43,9,10,236.64,166,11,240.64,174,12,244.73,127,OL,247.37,5,,,,,,,,,,,,,,,,,,,,,,,,,,,,,,,,,,,,,,,,,,,,,,,,,,,,,,,,,,,,,,,,,,,,,,,,,,,,,,,,,,,,,,,,,,,,,,,,,,,,,,,,,,,,,,,,,,,,,,,,,,,,,,,,,,,,,,,,,,,,,,,,,,,,,,,,,,,,,,,,,,,,,,,,,,,,,,,,,,,,,,,,,,,,,,,,,,,,,,,,,,,,,,,,,,,,,,,,,,,,,,,,,,,,,,,,,,,,,,,,,,,,,,,,,,,,,,,,,,,,,,,,,,,,,,,,,
H04_RD14-0003-40_41_42_43-1;1;1;1-M2S10-0.252IP-Q1.3_004.20sec.fsa,D18S51,Y,OL,266.35,4,10,273.28,4,12,281.02,38,13,285.1,60,15,293.11,65,15.2,294.91,4,17,301.07,72,18,305,87,19,308.99,88,OL,320.41,6,22,321.22,9,OL,322.45,4,OL,326.5,7,,,,,,,,,,,,,,,,,,,,,,,,,,,,,,,,,,,,,,,,,,,,,,,,,,,,,,,,,,,,,,,,,,,,,,,,,,,,,,,,,,,,,,,,,,,,,,,,,,,,,,,,,,,,,,,,,,,,,,,,,,,,,,,,,,,,,,,,,,,,,,,,,,,,,,,,,,,,,,,,,,,,,,,,,,,,,,,,,,,,,,,,,,,,,,,,,,,,,,,,,,,,,,,,,,,,,,,,,,,,,,,,,,,,,,,,,,,,,,,,,,,,,,,,,,,,,,,,,,,,,
H04_RD14-0003-40_41_42_43-1;1;1;1-M2S10-0.252IP-Q1.3_004.20sec.fsa,AMEL,R,X,104.97,1972,Y,110.88,1009,,,,,,,,,,,,,,,,,,,,,,,,,,,,,,,,,,,,,,,,,,,,,,,,,,,,,,,,,,,,,,,,,,,,,,,,,,,,,,,,,,,,,,,,,,,,,,,,,,,,,,,,,,,,,,,,,,,,,,,,,,,,,,,,,,,,,,,,,,,,,,,,,,,,,,,,,,,,,,,,,,,,,,,,,,,,,,,,,,,,,,,,,,,,,,,,,,,,,,,,,,,,,,,,,,,,,,,,,,,,,,,,,,,,,,,,,,,,,,,,,,,,,,,,,,,,,,,,,,,,,,,,,,,,,,,,,,,,,,,,,,,,,,,,,,,,,,
H04_RD14-0003-40_41_42_43-1;1;1;1-M2S10-0.252IP-Q1.3_004.20sec.fsa,D5S818,R,OL,127.55,8,OL,131.27,8,7,132.24,9,OL,138.48,8,10,144.64,43,11,148.83,825,12,153.04,465,13,157.1,580,14,161.31,12,15,165.15,5,17,173.84,16,OL,174.61,12,OL,177.23,14,OL,177.84,12,,,,,,,,,,,,,,,,,,,,,,,,,,,,,,,,,,,,,,,,,,,,,,,,,,,,,,,,,,,,,,,,,,,,,,,,,,,,,,,,,,,,,,,,,,,,,,,,,,,,,,,,,,,,,,,,,,,,,,,,,,,,,,,,,,,,,,,,,,,,,,,,,,,,,,,,,,,,,,,,,,,,,,,,,,,,,,,,,,,,,,,,,,,,,,,,,,,,,,,,,,,,,,,,,,,,,,,,,,,,,,,,,,,,,,,,,,,,,,,,,,,,,,,,,,,,,,,,,,
H04_RD14-0003-40_41_42_43-1;1;1;1-M2S10-0.252IP-Q1.3_004.20sec.fsa,FGA,R,16,208.66,7,OL,211.52,10,17,212.45,12,20,225.16,45,21,229.22,283,22,233.29,37,OL,237.97,14,24,241.61,9,25,245.45,11,26,249.6,141,27,253.63,173,28,257.63,119,OL,260.7,10,OL,262.9,8,33.2,279.68,5,OL,289.97,10,OL,292.4,7,OL,303.37,6,OL,313.84,11,OL,329.8,7,OL,333.57,8,OL,338.42,7,49.2,344.95,6,,,,,,,,,,,,,,,,,,,,,,,,,,,,,,,,,,,,,,,,,,,,,,,,,,,,,,,,,,,,,,,,,,,,,,,,,,,,,,,,,,,,,,,,,,,,,,,,,,,,,,,,,,,,,,,,,,,,,,,,,,,,,,,,,,,,,,,,,,,,,,,,,,,,,,,,,,,,,,,,,,,,,,,,,,,,,,,,,,,,,,,,,,,,,,,,,,,,,,,,,,,,,,,,,,,,,,,,,,,,,,,,,,,,,,,
